TIPO DE PRODUCTO,TRX420,NOMBRE,DESCRIPCIÓN  CORTA,DESCRIPCIÓN  LARGA,CATEGORIA,SUB-CATEGORIA,MARCA/FABRICANTE2,PRECIO NETO,INVENTARIO,IMAGEN,IMÁGENES DE GALERÍA,ATRIBUTO 1 (EJ: COLOR),DESCTACADO
PRODUCTO HIJO,CB1 11O  2017N,CB1 11O NEGRO,"

MOTOR: 4 tiempos, monocilíndrico
POTENCIA: 8.6 Hp / 8,720 rpm
CILINDRADA: 109.1 cc
TORQUE: 22.9 Nm / 7,000 rpm
TRANSMISIÓN: 4 velocidades, tipo retorno
SISTEMA DE ENFRIAMIENTO: Por aire
SISTEMA DE LUBRICACIÓN: Forzada por bomba trocoidal con cárter húmedo
SISTEMA DE IGNICIÓN
SISTEMA DE ENCENDIDO: DC-CDI, Batería
SISTEMA DE ARRANQUE: Eléctrico / Auxiliar de pedal (Cranck)
SUSPENSIÓN Y FRENOS
SUSPENSIÓN DELANTERA: Horquillas telescópicas, 112 mm de carrera
SUSPENSIÓN TRASERA: Brazo oscilante con doble amortiguador / 109 mm de carrera y ajuste de precarga
FRENO DELANTERO: Hidráulico, disco de 296 mm x 1 con caliper de 3 pistones
FRENO TRASERO: Tambor mecánico simple, 110 mm de diámetro
MEDIDAS Y PESO
PESO EN ORDEN DE MARCHA: 108 Kg (incluye equipo estándar, todos los fluidos requeridos y tanque de combustible lleno)
LARGO / ANCHO / ALTO: 1,967 mm / 742 mm / 1,075 mm
ALTURA DEL ASIENTO: 794 mm
DISTANCIA ENTRE EJES: 1,257 mm
DISTANCIA LIBRE AL PISO: 167 mm
NEUMÁTICO DELANTERO Y TRASERO: 70 / 100 - 17 M/C 40P (sin cámara) / 80 / 100 - 17M/C 53P (sin cámara)
CAPACIDAD
CAPACIDAD DE CARGA: 170Kg (Incluye peso del conductor, pasajero, carga y accesorios)
CAPACIDAD DE TANQUE: 9.6 l (inc. 1.6 l de reserva)
CAPACIDAD DE PASAJEROS: 2",,DEPORTIVA,,HONDA,22701,,cb1110-negro.jpg,cb1-110-1.jpg | cb1-110-2.jpg | cb1-110-3.jpg | cb1-110-4.jpg | negro.jpg,negro,
PRODUCTO HIJO,CB1 11O  2017R,"CB1 11O ROJO
","

MOTOR: 4 tiempos, monocilíndrico
POTENCIA: 8.6 Hp / 8,720 rpm
CILINDRADA: 109.1 cc
TORQUE: 22.9 Nm / 7,000 rpm
TRANSMISIÓN: 4 velocidades, tipo retorno
SISTEMA DE ENFRIAMIENTO: Por aire
SISTEMA DE LUBRICACIÓN: Forzada por bomba trocoidal con cárter húmedo
SISTEMA DE IGNICIÓN
SISTEMA DE ENCENDIDO: DC-CDI, Batería
SISTEMA DE ARRANQUE: Eléctrico / Auxiliar de pedal (Cranck)
SUSPENSIÓN Y FRENOS
SUSPENSIÓN DELANTERA: Horquillas telescópicas, 112 mm de carrera
SUSPENSIÓN TRASERA: Brazo oscilante con doble amortiguador / 109 mm de carrera y ajuste de precarga
FRENO DELANTERO: Hidráulico, disco de 296 mm x 1 con caliper de 3 pistones
FRENO TRASERO: Tambor mecánico simple, 110 mm de diámetro
","MEDIDAS Y PESO
PESO EN ORDEN DE MARCHA: 108 Kg (incluye equipo estándar, todos los fluidos requeridos y tanque de combustible lleno)
LARGO / ANCHO / ALTO: 1,967 mm / 742 mm / 1,075 mm
ALTURA DEL ASIENTO: 794 mm
DISTANCIA ENTRE EJES: 1,257 mm
DISTANCIA LIBRE AL PISO: 167 mm
NEUMÁTICO DELANTERO Y TRASERO: 70 / 100 - 17 M/C 40P (sin cámara) / 80 / 100 - 17M/C 53P (sin cámara)

CAPACIDAD
CAPACIDAD DE CARGA: 170Kg (Incluye peso del conductor, pasajero, carga y accesorios)
CAPACIDAD DE TANQUE: 9.6 l (inc. 1.6 l de reserva)
CAPACIDAD DE PASAJEROS: 2",DEPORTIVA,,HONDA,22701,,cb1110-rojo.jpg,cb1-110-1.jpg | cb1-110-2.jpg | cb1-110-3.jpg | cb1-110-4.jpg | rojo.jpg,Rojo,
PRODUCTO HIJO,CB160 F,CB160 F  Negro,"MOTOR: 4 tiempos, monocilíndrico, OHC, 2 válvulas                                                                              
 POTENCIA: 15.66 Hp / 8,500 rpm                                                                                                                   
CILINDRADA: 162.7 cc                                                                                                                                         
TORQUE: 14.76 Nm @ 6,500 rpm                                                                                                                        
TRANSMISIÓN: 5 velocidades, tipo retorno                                                                                                       
SISTEMA DE ENFRIAMIENTO: Por aire natural                                                                                                     
SISTEMA DE LUBRICACIÓN: Forzada por bomba trocoidal               
                                                                 
SISTEMA DE IGNICIÓN                                                                                                                                                   
SISTEMA DE ENCENDIDO: Digital CD-CDI SISTEMA DE ARRANQUE: Eléctrico y pedal  
SUSPENSIÓN Y FRENOS SUSPENSIÓN DELANTERA: Horquilla telescópica / 117 mm de carrera 
SUSPENSIÓN TRASERA: Mono Shock con ajuste de precarga 13 mm, de carrera 
FRENO DELANTERO: Hidráulico, disco sencillo de 276 mm x 1 FRENO TRASERO: Mecánico, tambor de 130 mm de diámetro 
","MEDIDAS Y PESO
 PESO EN ORDEN DE MARCHA: 142 Kg (incluyendo equipo estándar, todos los fluidos y tanque de combustible lleno)                                                                                                                                                       
LARGO / ANCHO / ALTO: 2,041 / 783 / 1,067 mm                                                                                                   
ALTURA DEL ASIENTO: 794 mm                                                                                                                                     
DISTANCIA ENTRE EJES: 1,345 mm                                                                                                                              
DISTANCIA LIBRE AL PISO: 164 mm                                                                                                                           
NEUMÁTICO DELANTERO Y TRASERO: 100/80 R-17, sin cámara (MRF Zapper FYM) / 140/70 R-17, sin cámara (MRF Zapper FYM)   
                     
CAPACIDAD                                                                                                                                                               
CAPACIDAD DE CARGA: 170 Kg (Incluye peso del conductor, pasajero, carga y accesorios)                           CAPACIDAD DE TANQUE: 12 l (incluye 2.0 l de reserva)                                                                                           
CAPACIDAD DE PASAJEROS: 2",DEPORTIVA,,HONDA,39999,,cb160f-negro.jpg,partes-cb1160f-1.jpg | partes-cb1160f-2.jpg | partes-cb1160f-3.jpg | partes-cb1160f-4.jpg | partes-cb1160f-5.jpg | partes-cb1160f-6.jpg | negro.jpg,negro ,
PRODUCTO HIJO,CB160 F,CB160 F Rojo,"MOTOR: 4 tiempos, monocilíndrico, OHC, 2 válvulas                                                                               
POTENCIA: 15.66 Hp / 8,500 rpm                                                                                                                   
CILINDRADA: 162.7 cc                                                                                                                                         
TORQUE: 14.76 Nm @ 6,500 rpm                                                                                                                        
TRANSMISIÓN: 5 velocidades, tipo retorno                                                                                                       
SISTEMA DE ENFRIAMIENTO: Por aire natural                                                                                                     
SISTEMA DE LUBRICACIÓN: Forzada por bomba trocoidal                                                                                
SISTEMA DE IGNICIÓN                                                                                                                                                   
SISTEMA DE ENCENDIDO: Digital CD-CDI SISTEMA DE ARRANQUE: Eléctrico y pedal  
SUSPENSIÓN Y FRENOS SUSPENSIÓN DELANTERA: Horquilla telescópica / 117 mm de carrera 
SUSPENSIÓN TRASERA: Mono Shock con ajuste de precarga 13 mm, de carrera 
FRENO DELANTERO: Hidráulico, disco sencillo de 276 mm x 1 
FRENO TRASERO: Mecánico, tambor de 130 mm de diámetro 
","MEDIDAS Y PESO
 PESO EN ORDEN DE MARCHA: 142 Kg (incluyendo equipo estándar, todos los fluidos y tanque de combustible lleno)                                                                                                                                                       
LARGO / ANCHO / ALTO: 2,041 / 783 / 1,067 mm                                                                                                   
ALTURA DEL ASIENTO: 794 mm                                                                                                                                     
DISTANCIA ENTRE EJES: 1,345 mm                                                                                                                              
DISTANCIA LIBRE AL PISO: 164 mm                                                                                                                           
NEUMÁTICO DELANTERO Y TRASERO: 100/80 R-17, sin cámara (MRF Zapper FYM) / 140/70 R-17, sin cámara (MRF Zapper FYM)   
                     
CAPACIDAD                                                                                                                                                               
CAPACIDAD DE CARGA: 170 Kg (Incluye peso del conductor, pasajero, carga y accesorios)                           CAPACIDAD DE TANQUE: 12 l (incluye 2.0 l de reserva)                                                                                           
CAPACIDAD DE PASAJEROS: 2",DEPORTIVA,,HONDA,39999,,cb160-f-rojo.jpg,partes-cb1160f-1.jpg | partes-cb1160f-2.jpg | partes-cb1160f-3.jpg | partes-cb1160f-4.jpg | partes-cb1160f-5.jpg | partes-cb1160f-6.jpg | rojo.jpg,Rojo,
PRODUCTO PADRE ,CB 190 R,CB 190 R,"MOTOR                                                                                                                                                       
Descripción: Monocilíndrico, OHC, 2 válvulas                                                                                          
Desplazamiento: 184.4 CC                                                                                                                                                    
 Diámetro por carrera: 61.0 X 63.096 mm                                                                                                                             
 Potencia máxima: 15.7 Hp / 8,000 rpm                                                                                                                           
Torque: 15.0 N.m / 7,000 rpm                                                                                                                                                
Relación de compresión: 9.5:1                                                                                                                                            
Sistema de enfriamiento: Por aire natural                                                                                                                                
Sistema de lubricación: Forzada por bomba trocoidal con cárter húmedo                                                                       
Sistema de arranque: Eléctrico                                                                                                                                              
Sistema de alimentación: PGM-FI -Inyección electrónica de combustible                                              
","ESPECIFICACIONES / MOTOR                                                                                                                                              
 Capacidad de aceite de motor: 1.0 lt (al drenar) / 1.2 lt (al desarmar)                                                                      
 Aceite de motor recomendado: 4 tiempos Honda GN4 / SAE: 10W-30 / API: SG ó superior / JASO T 903: MA    ENCENDIDO                                                                                                                                                                                                                                            Sistema de encendido: Completamente transistorizado, con avance electrónico    Bujía std. / Holgura                                    de electrodos: CPR8EA-9 (NGK) / 0.8 - 0.9 mm 
TREN MOTRIZ Transmisión: 5 velocidades, tipo retorno Embrague: Multidisco en baño de aceite, operado por cable Tracción final: Por cadena (428 HS - 132 L)  SISTEMA ELÉCTRICO Sistema de carga: Alternador con salida trifásica Batería: 12V - 6Ah / YTX7L - BS (GS YUASA) Sistema de iluminación: Sistema de iluminación LED, alimentado por batería 
SISTEMA DE COMBUSTIBLE Capacidad de tanque de combustible: 12.0 litros Id. del cuerpo de aceleración: GQMPAVelocidad ralentí: 1,500 ± 100 rpm
 Combustible recomendado: Gasolina sin plomo de 91 octanos o superior 
CHASIS Tipo: Tipo diamante, tubular en acero 
NEUMÁTICOS Delantero / Trasero: 110 / 70 R-17 M/C (54 P) Sin cámara / 140 / 70 R-17 (66 P) Sin cámara 
SUSPENSIÓN DELANTERA Descripción: Horquillas telescópicas invertidas con 117 mm de carrera 
SUSPENSIÓN TRASERA Descripción: Mono Shock Suspensión con ajuste de precarga y 114 mm de carrera
 FRENOS Delantero: Hidráulico, disco sencillo Trasero: Hidráulico, disco sencillo Fluido de frenos recomendado: DOT 3 ó DOT 4",DEPORTIVA,,HONDA,48500,,cb190-r-roja.jpg,parte-cb190-roja.jpg,ROJO,
PRODUCTO PADRE ,CB190 REPSOL,CB190 REPSOL,"MOTOR Descripción: Monocilíndrico, OHC, 2 válvulas  Desplazamiento: 184.4 CC  Diámetro por carrera: 61.0 X 63.096 mm 
  Potencia máxima: 15.7 Hp / 8,000 rpm  Torque: 15.0 N.m / 7,000 rpm 
Relación de compresión: 9.5:1
 Sistema de enfriamiento: Por aire natural  
 Sistema de lubricación: Forzada por bomba trocoidal con cárter húmedo 
 Sistema de arranque: Eléctrico Sistema de alimentación: PGM-FI -Inyección electrónica de combustible 
","
 ESPECIFICACIONES / MOTOR Capacidad de aceite de motor: 1.0 lt (al drenar) / 1.2 lt (al desarmar)  Aceite de motor recomendado: 4 tiempos Honda GN4 / SAE: 10W-30 / API: SG ó superior / JASO T 903:
 MA ENCENDIDO Sistema de encendido: Completamente transistorizado, con avance electrónico  Bujía std. / Holgura de electrodos: CPR8EA-9 (NGK) / 0.8 - 0.9 mm  
TREN MOTRIZ Transmisión: 5 velocidades, tipo retorno Embrague: Multidisco en baño de aceite, operado por cable  Tracción final: Por cadena (428 HS - 132 L)
  SISTEMA ELÉCTRICO  Sistema de carga: Alternador con salida trifásica  Batería: 12V - 6Ah / YTX7L - BS (GS YUAS) Sistema de iluminación: Sistema de iluminación LED, alimentado por batería 
SISTEMA DE COMBUSTIBLE  Capacidad de tanque de combustible: 12.0 litros Id. del cuerpo de aceleración: GQMPA  Velocidad ralentí: 1,500 ± 100 rpm  Combustible recomendado: Gasolina sin plomo de 91 octanos o superior 
CHASIS  Tipo: Tipo diamante, tubular en acero 
NEUMÁTICOS Delantero / Trasero: 110 / 70 R-17 M/C (54 P) Sin cámara / 140 / 70 R-17 (66 P) Sin cámara SUSPENSIÓN DELANTERA  Descripción: Mono Shock Suspensión con ajuste de precarga y 114 mm de carrera
 FRENOS  Delantero: Hidráulico, disco sencillo  Trasero: Hidráulico, disco sencillo Fluido de frenos recomendado: DOT 3 ó DOT 4   
DIMENSIONES (mm) Largo / Ancho / Altura: 1,982 / 744 / 1,041 Distancia entre ejes: 1,356   Altura del asiento: 771   Distancia libre al suelo: 138 Peso en orden de marcha: 140.0 kg (incluye equipo estándar, todos los fluidos requeridos y tanque de combustible lleno) 
FICHA DESEMPEÑO Capacidad máxima de carga: 170 kg (incluye peso de conductor, pasajero, carga y accesorios) Velocidad máxima: 130 km/h Consumo de combustible: 41 km/l                                                                                                                                                                 ",DEPORTIVA,,HONDA,51900,1,cb1190repsol.jpg,parte-repsol.jpg,NARANJA,
,CBR250 REPSOL,CBR250 REPSOL,"MOTOR
MOTOR
4 tiempos, monocilíndrico, DOHC, 4 válvulas
POTENCIA
26.0 Hp / 8,500 rpm
CILINDRADA
249 cc
TORQUE
22.9 Nm / 7,000 rpm
TRANSMISIÓN
6 velocidades, tipo retorno
SISTEMA DE ENFRIAMIENTO
Por líquido
SISTEMA DE LUBRICACIÓN
Forzada por bomba trocoidal con cárter húmedo","MEDIDAS Y PESO
PESO EN ORDEN DE MARCHA
163.00 kg, incluye equipo estándar, todos los fluidos requeridos y tanque de combustible lleno
LARGO / ANCHO / ALTO
2,030 / 720 / 1,127 mm
ALTURA DEL ASIENTO
784 mm
DISTANCIA ENTRE EJES
1,369 mm
DISTANCIA LIBRE AL PISO
145 mm
NEUMÁTICO DELANTERO Y TRASERO
110 / 70-17 M / C 54S (sin cámara) y 140 / 70-17 M / C 66S (sin cámara)

SISTEMA DE IGNICIÓN
SISTEMA DE ENCENDIDO
Digital transistorizado controlado por computadora, con avance electrónico
SISTEMA DE ARRANQUE
Eléctrico

CAPACIDAD
CAPACIDAD DE CARGA
180 kg (incluye peso del conductor, pasajero, carga y accesorios)
CAPACIDAD DE TANQUE
13.00 litros
CAPACIDAD DE PASAJEROS
2

SUSPENSIÓN Y FRENOS
SUSPENSIÓN DELANTERA
Horquillas telescópicas / 118 mm de carrera
SUSPENSIÓN TRASERA
Unidad Pro-link Monoamortiguada con ajuste de precarga de 5 posiciones
FRENO DELANTERO
Hidráulico, disco de 296 mm x 1
FRENO TRASERO
Disco hidráulico de 220 mm x 1",DEPORTIVA,,HONDA,"64,900",,cbr250-repsol.jpg,cbr250-1.jpg | cbr250-2.jpg | cbr250-3.jpg | cbr250-4.jpg | cbr250-5.jpg | cbr250-6.jpg | cbr250-7.jpg | cbr250-8.jpg | naranja.jpg,NARANJA,
,CBR250R,CBR250R,"MOTOR
MOTOR
4 tiempos, monocilíndrico, DOHC, 4 válvulas
POTENCIA
26.0 Hp / 8,500 rpm
CILINDRADA
249 cc
TORQUE
22.9 Nm / 7,000 rpm
TRANSMISIÓN
6 velocidades, tipo retorno
SISTEMA DE ENFRIAMIENTO
Por líquido
SISTEMA DE LUBRICACIÓN
Forzada por bomba trocoidal con cárter húmedo","MEDIDAS Y PESO
PESO EN ORDEN DE MARCHA
163.00 kg, incluye equipo estándar, todos los fluidos requeridos y tanque de combustible lleno
LARGO / ANCHO / ALTO
2,030 / 720 / 1,127 mm
ALTURA DEL ASIENTO
784 mm
DISTANCIA ENTRE EJES
1,369 mm
DISTANCIA LIBRE AL PISO
145 mm
NEUMÁTICO DELANTERO Y TRASERO
110 / 70-17 M / C 54S (sin cámara) y 140 / 70-17 M / C 66S (sin cámara)

SISTEMA DE IGNICIÓN
SISTEMA DE ENCENDIDO
Digital transistorizado controlado por computadora, con avance electrónico
SISTEMA DE ARRANQUE
Eléctrico

CAPACIDAD
CAPACIDAD DE CARGA
180 kg (incluye peso del conductor, pasajero, carga y accesorios)
CAPACIDAD DE TANQUE
13.00 litros
CAPACIDAD DE PASAJEROS
2

SUSPENSIÓN Y FRENOS
SUSPENSIÓN DELANTERA
Horquillas telescópicas / 118 mm de carrera
SUSPENSIÓN TRASERA
Unidad Pro-link Monoamortiguada con ajuste de precarga de 5 posiciones
FRENO DELANTERO
Hidráulico, disco de 296 mm x 1
FRENO TRASERO
Disco hidráulico de 220 mm x 1",DEPORTIVA,,HONDA,"64,900",,cbr250-negra.jpg,cbr250-r-1.jpg | cbr250-r-2.jpg | cbr250-r-3.jpg | cbr250-r-4.jpg | cbr250-r-5.jpg | negro.jpg,Negro,
,CBR250R,CBR250R,"MOTOR
MOTOR
4 tiempos, monocilíndrico, DOHC, 4 válvulas
POTENCIA
26.0 Hp / 8,500 rpm
CILINDRADA
249 cc
TORQUE
22.9 Nm / 7,000 rpm
TRANSMISIÓN
6 velocidades, tipo retorno
SISTEMA DE ENFRIAMIENTO
Por líquido
SISTEMA DE LUBRICACIÓN
Forzada por bomba trocoidal con cárter húmedo","MEDIDAS Y PESO
PESO EN ORDEN DE MARCHA
163.00 kg, incluye equipo estándar, todos los fluidos requeridos y tanque de combustible lleno
LARGO / ANCHO / ALTO
2,030 / 720 / 1,127 mm
ALTURA DEL ASIENTO
784 mm
DISTANCIA ENTRE EJES
1,369 mm
DISTANCIA LIBRE AL PISO
145 mm
NEUMÁTICO DELANTERO Y TRASERO
110 / 70-17 M / C 54S (sin cámara) y 140 / 70-17 M / C 66S (sin cámara)

SISTEMA DE IGNICIÓN
SISTEMA DE ENCENDIDO
Digital transistorizado controlado por computadora, con avance electrónico
SISTEMA DE ARRANQUE
Eléctrico

CAPACIDAD
CAPACIDAD DE CARGA
180 kg (incluye peso del conductor, pasajero, carga y accesorios)
CAPACIDAD DE TANQUE
13.00 litros
CAPACIDAD DE PASAJEROS
2

SUSPENSIÓN Y FRENOS
SUSPENSIÓN DELANTERA
Horquillas telescópicas / 118 mm de carrera
SUSPENSIÓN TRASERA
Unidad Pro-link Monoamortiguada con ajuste de precarga de 5 posiciones
FRENO DELANTERO
Hidráulico, disco de 296 mm x 1
FRENO TRASERO
Disco hidráulico de 220 mm x 1",DEPORTIVA,,HONDA,"64,900",,cbr250-roja.jpg,cbr250-r-1.jpg | cbr250-r-2.jpg | cbr250-r-3.jpg | cbr250-r-4.jpg | cbr250-r-5.jpg | rojo.jpg,Rojo,
PRODUCTO HIJO ,CGL 125 TOOL BLANCO,CGL 125 TOOL BLANCO,"MOTOR MOTOR: 4 tiempos, monocilíndrico,
 OHV POTENCIA: 9.7 Hp / 8,500 rpm 
CILINDRADA: 124.1 cc  TORQUE: 8.8 nm / 7,500 rpm 
TRANSMISIÓN: 5 velocidades, tipo rotatorio 
SISTEMA DE ENFRIAMIENTO: Aire 
SISTEMA DE LUBRICACIÓN: Forzada por bomba trocoidal con cárter húmedo
 SISTEMA DE IGNICIÓN  SISTEMA DE ENCENDIDO: AC-CDI 
SISTEMA DE ARRANQUE: Eléctrico / auxiliar de pedal (Crank)
 SUSPENSIÓN Y FRENOS SUSPENSIÓN DELANTERA: Horquilla telescópica / 116 mm de carrera 
SUSPENSIÓN TRASERA: Brazo oscilante con doble amortiguador / 79 mm de carrera 
FRENO DELANTERO: Tambor mecánico simple 
FRENO TRASERO: Tambor mecánico simple ","MEDIDAS Y PESO PESO
 EN ORDEN DE MARCHA: 109 Kg
 LARGO / ANCHO / ALTO: 2,010 mm / 795 mm / 1,055 mm
 ALTURA DEL ASIENTO: 755 mm
 DISTANCIA ENTRE EJES: 1,280 mm
 DISTANCIA LIBRE AL PISO: 140 mm 
NEUMÁTICO DELANTERO Y TRASERO: 2.75-18 42P 90/90-18 51P 
CAPACIDAD CAPACIDAD DE CARGA: 153 Kg (incluyendo peso del conductor, pasajero, carga y accesorios)
 CAPACIDAD DE TANQUE: 13.2 l (incluye 2.7 l de reserva) 
 CAPACIDAD DE PASAJEROS: 2 ",TRABAJO ,,HONDA,19400,,cgl125-blanco.jpg,cgl125-tool-1.jpg | cgl125-tool-2.jpg | cgl125-tool-3.jpg | cgl125-tool-4.jpg | cgl125-tool-5.jpg | cgl125-tool-6.jpg | blanco.jpg,BLANCA ,
PRODUCTO HIJO ,CGL 125 TOOL ROJA,CGL 125 TOOL ROJA,"MOTOR MOTOR: 4 tiempos, monocilíndrico,
 OHV POTENCIA: 9.7 Hp / 8,500 rpm 
CILINDRADA: 124.1 cc  TORQUE: 8.8 nm / 7,500 rpm 
TRANSMISIÓN: 5 velocidades, tipo rotatorio 
SISTEMA DE ENFRIAMIENTO: Aire 
SISTEMA DE LUBRICACIÓN: Forzada por bomba trocoidal con cárter húmedo
 SISTEMA DE IGNICIÓN  SISTEMA DE ENCENDIDO: AC-CDI 
SISTEMA DE ARRANQUE: Eléctrico / auxiliar de pedal (Crank)
 SUSPENSIÓN Y FRENOS SUSPENSIÓN DELANTERA: Horquilla telescópica / 116 mm de carrera 
SUSPENSIÓN TRASERA: Brazo oscilante con doble amortiguador / 79 mm de carrera 
FRENO DELANTERO: Tambor mecánico simple 
FRENO TRASERO: Tambor mecánico simple ","MEDIDAS Y PESO PESO
 EN ORDEN DE MARCHA: 109 Kg
 LARGO / ANCHO / ALTO: 2,010 mm / 795 mm / 1,055 mm
 ALTURA DEL ASIENTO: 755 mm
 DISTANCIA ENTRE EJES: 1,280 mm
 DISTANCIA LIBRE AL PISO: 140 mm 
NEUMÁTICO DELANTERO Y TRASERO: 2.75-18 42P 90/90-18 51P 
CAPACIDAD CAPACIDAD DE CARGA: 153 Kg (incluyendo peso del conductor, pasajero, carga y accesorios)
 CAPACIDAD DE TANQUE: 13.2 l (incluye 2.7 l de reserva) 
 CAPACIDAD DE PASAJEROS: 2 ",TRABAJO ,,HONDA,19400,,cgl-125-rojo.jpg,cgl125-tool-1.jpg | cgl125-tool-2.jpg | cgl125-tool-3.jpg | cgl125-tool-4.jpg | cgl125-tool-5.jpg | cgl125-tool-6.jpg | rojo.jpg,ROJA,
PRODUCTO HIJO ,CGL 125 TOOL GRIS,CGL 125 TOOL GRIS,"MOTOR MOTOR: 4 tiempos, monocilíndrico,
 OHV POTENCIA: 9.7 Hp / 8,500 rpm 
CILINDRADA: 124.1 cc  TORQUE: 8.8 nm / 7,500 rpm 
TRANSMISIÓN: 5 velocidades, tipo rotatorio 
SISTEMA DE ENFRIAMIENTO: Aire 
SISTEMA DE LUBRICACIÓN: Forzada por bomba trocoidal con cárter húmedo
 SISTEMA DE IGNICIÓN  SISTEMA DE ENCENDIDO: AC-CDI 
SISTEMA DE ARRANQUE: Eléctrico / auxiliar de pedal (Crank)
 SUSPENSIÓN Y FRENOS SUSPENSIÓN DELANTERA: Horquilla telescópica / 116 mm de carrera 
SUSPENSIÓN TRASERA: Brazo oscilante con doble amortiguador / 79 mm de carrera 
FRENO DELANTERO: Tambor mecánico simple 
FRENO TRASERO: Tambor mecánico simple ","MEDIDAS Y PESO PESO
 EN ORDEN DE MARCHA: 109 Kg
 LARGO / ANCHO / ALTO: 2,010 mm / 795 mm / 1,055 mm
 ALTURA DEL ASIENTO: 755 mm
 DISTANCIA ENTRE EJES: 1,280 mm
 DISTANCIA LIBRE AL PISO: 140 mm 
NEUMÁTICO DELANTERO Y TRASERO: 2.75-18 42P 90/90-18 51P 
CAPACIDAD CAPACIDAD DE CARGA: 153 Kg (incluyendo peso del conductor, pasajero, carga y accesorios)
 CAPACIDAD DE TANQUE: 13.2 l (incluye 2.7 l de reserva) 
 CAPACIDAD DE PASAJEROS: 2 ",TRABAJO ,,HONDA,19400,,cgl125-gris.jpg,cgl125-tool-1.jpg | cgl125-tool-2.jpg | cgl125-tool-3.jpg | cgl125-tool-4.jpg | cgl125-tool-5.jpg | cgl125-tool-6.jpg | gris.jpg,GRIS,
PRODUCTO HIJO ,CRUISING 125 GRIS,CRUISING 125 GRIS,"MOTORMOTOR: 4 tiempos, monocilíndrico, 
SOHC  POTENCIA: 8.7 Hp / 7,500 rpm 
CILINDRADA: 124.6 cc 
TORQUE: N/D TRANSMISIÓN: Tipo V-MATIC (por banda)
 SISTEMA DE ENFIRAMIENTO: Por aire forzado 
SISTEMA DE LUBRICACIÓN: Forzada por bomba trocoidal con cárter húmedo 
SISTEMA DE IGNICIÓN SISTEMA DE ENCENDIDO: CD-CDI SISTEMA DE ARRANQUE: Eléctrico / Auxiliar de pedal 
SUSPENSIÓN Y FRENOS SUSPENSIÓN DELANTERA: Horquillas telescópicas
 SUSPENSIÓN TRASERA: Basculante monoamortiguada 
FRENO DELANTERO: Tambor mecánico simple, 130 mm de diámetro interno
 FRENO TRASERO: Tambor mecánico simple, 130 mm de diámetro interno
 MEDIDAS Y PESO PESO EN ORDEN DE MARCHA: 111 Kg (incluye equipo estándar, todos los fluidos requeridos y tanque de combustible lleno)
LARGO / ANCHO / ALTO: 1,845 / 670 / 1,110 mm 
ALTURA DEL ASIENTO: 758 mm
DISTANCIA ENTRE EJES: 1,235 mm  
DISTANCIA LIBRE AL PISP: 110 mm 
NEUMÁTICO DELANTERO Y TRASERO: 90 / 90 - 12 44J (sin cámara) / 100/ 90 - 10 56J (sin cámara)
  CAPACIDAD CAPACIDAD DE CARGA: 150 Kg (Incluye peso del conductor, pasajero, carga y accesorios)
 CAPACIDAD DE TANQUE: 6 l CAPACIDAD DE PASAJEROS: 2 ","MEDIDAS Y PESO 
PESO EN ORDEN DE MARCHA: 111 Kg (incluye equipo estándar, todos los fluidos requeridos y tanque de combustible lleno
LARGO / ANCHO / ALTO: 1,845 / 670 / 1,110 mm 
ALTURA DEL ASIENTO: 758 mm 
DISTANCIA ENTRE EJES: 1,235 mm  DISTANCIA LIBRE AL PISP: 110 mm 
NEUMÁTICO DELANTERO Y TRASERO: 90 / 90 - 12 44J (sin cámara) / 100/ 90 - 10 56J (sin cámara) 
 CAPACIDAD CAPACIDAD DE CARGA: 150 Kg (Incluye peso del conductor, pasajero, carga y accesorios) CAPACIDAD DE TANQUE: 6 l CAPACIDAD DE PASAJEROS: 2 ",MOTONETAS ,,HONDA,26400,,cruising-125-plata.jpg,cruising-1.jpg | cruising-2.jpg | cruising-3.jpg | cruising-4.jpg | cruising-5.jpg | cruising-6.jpg | gris.jpg,GRIS,
PRODUCTO HIJO ,CRUISING 125 BLANCA,CRUISING 125 BLANCA,"MOTORMOTOR: 4 tiempos, monocilíndrico, 
SOHC  POTENCIA: 8.7 Hp / 7,500 rpm 
CILINDRADA: 124.6 cc 
TORQUE: N/D TRANSMISIÓN: Tipo V-MATIC (por banda)
 SISTEMA DE ENFIRAMIENTO: Por aire forzado 
SISTEMA DE LUBRICACIÓN: Forzada por bomba trocoidal con cárter húmedo 
SISTEMA DE IGNICIÓN SISTEMA DE ENCENDIDO: CD-CDI SISTEMA DE ARRANQUE: Eléctrico / Auxiliar de pedal 
SUSPENSIÓN Y FRENOS SUSPENSIÓN DELANTERA: Horquillas telescópicas
 SUSPENSIÓN TRASERA: Basculante monoamortiguada 
FRENO DELANTERO: Tambor mecánico simple, 130 mm de diámetro interno
 FRENO TRASERO: Tambor mecánico simple, 130 mm de diámetro interno
 MEDIDAS Y PESO PESO EN ORDEN DE MARCHA: 111 Kg (incluye equipo estándar, todos los fluidos requeridos y tanque de combustible lleno)
LARGO / ANCHO / ALTO: 1,845 / 670 / 1,110 mm 
ALTURA DEL ASIENTO: 758 mm
DISTANCIA ENTRE EJES: 1,235 mm  
DISTANCIA LIBRE AL PISP: 110 mm 
NEUMÁTICO DELANTERO Y TRASERO: 90 / 90 - 12 44J (sin cámara) / 100/ 90 - 10 56J (sin cámara)
  CAPACIDAD CAPACIDAD DE CARGA: 150 Kg (Incluye peso del conductor, pasajero, carga y accesorios)
 CAPACIDAD DE TANQUE: 6 l CAPACIDAD DE PASAJEROS: 2 ","MEDIDAS Y PESO 
PESO EN ORDEN DE MARCHA: 111 Kg (incluye equipo estándar, todos los fluidos requeridos y tanque de combustible lleno
LARGO / ANCHO / ALTO: 1,845 / 670 / 1,110 mm 
ALTURA DEL ASIENTO: 758 mm 
DISTANCIA ENTRE EJES: 1,235 mm  DISTANCIA LIBRE AL PISP: 110 mm 
NEUMÁTICO DELANTERO Y TRASERO: 90 / 90 - 12 44J (sin cámara) / 100/ 90 - 10 56J (sin cámara) 
 CAPACIDAD CAPACIDAD DE CARGA: 150 Kg (Incluye peso del conductor, pasajero, carga y accesorios) CAPACIDAD DE TANQUE: 6 l CAPACIDAD DE PASAJEROS: 2 ",MOTONETAS ,,HONDA,26400,,cruising-125-blanco.jpg,cruising-1.jpg | cruising-2.jpg | cruising-3.jpg | cruising-4.jpg | cruising-5.jpg | cruising-6.jpg | blanco.jpg,BLANCO,
PRODUCTO HIJO ,CRUISING  125  NEGRA,CRUISING  125  NEGRA,"MOTORMOTOR: 4 tiempos, monocilíndrico, 
SOHC  POTENCIA: 8.7 Hp / 7,500 rpm 
CILINDRADA: 124.6 cc 
TORQUE: N/D TRANSMISIÓN: Tipo V-MATIC (por banda)
 SISTEMA DE ENFIRAMIENTO: Por aire forzado 
SISTEMA DE LUBRICACIÓN: Forzada por bomba trocoidal con cárter húmedo 
SISTEMA DE IGNICIÓN SISTEMA DE ENCENDIDO: CD-CDI SISTEMA DE ARRANQUE: Eléctrico / Auxiliar de pedal 
SUSPENSIÓN Y FRENOS SUSPENSIÓN DELANTERA: Horquillas telescópicas
 SUSPENSIÓN TRASERA: Basculante monoamortiguada 
FRENO DELANTERO: Tambor mecánico simple, 130 mm de diámetro interno
 FRENO TRASERO: Tambor mecánico simple, 130 mm de diámetro interno
 MEDIDAS Y PESO PESO EN ORDEN DE MARCHA: 111 Kg (incluye equipo estándar, todos los fluidos requeridos y tanque de combustible lleno)
LARGO / ANCHO / ALTO: 1,845 / 670 / 1,110 mm 
ALTURA DEL ASIENTO: 758 mm
DISTANCIA ENTRE EJES: 1,235 mm  
DISTANCIA LIBRE AL PISP: 110 mm 
NEUMÁTICO DELANTERO Y TRASERO: 90 / 90 - 12 44J (sin cámara) / 100/ 90 - 10 56J (sin cámara)
  CAPACIDAD CAPACIDAD DE CARGA: 150 Kg (Incluye peso del conductor, pasajero, carga y accesorios)
 CAPACIDAD DE TANQUE: 6 l CAPACIDAD DE PASAJEROS: 2 ","MEDIDAS Y PESO 
PESO EN ORDEN DE MARCHA: 111 Kg (incluye equipo estándar, todos los fluidos requeridos y tanque de combustible lleno
LARGO / ANCHO / ALTO: 1,845 / 670 / 1,110 mm 
ALTURA DEL ASIENTO: 758 mm 
DISTANCIA ENTRE EJES: 1,235 mm  DISTANCIA LIBRE AL PISP: 110 mm 
NEUMÁTICO DELANTERO Y TRASERO: 90 / 90 - 12 44J (sin cámara) / 100/ 90 - 10 56J (sin cámara) 
 CAPACIDAD CAPACIDAD DE CARGA: 150 Kg (Incluye peso del conductor, pasajero, carga y accesorios) CAPACIDAD DE TANQUE: 6 l CAPACIDAD DE PASAJEROS: 2 ",MOTONETAS ,,HONDA,26400,,cruising-125-negro.jpg,cruising-1.jpg | cruising-2.jpg | cruising-3.jpg | cruising-4.jpg | cruising-5.jpg | cruising-6.jpg | negro.jpg,NEGRO ,
Producto padre,TRX250 TM,TRX250 TM,"MOTOR
4 tiempos, monocilíndrico, OHV 2 válvulas
POTENCIA
15.8 Hp / 6,500 rpm
CILINDRADA
229.2 c.c.
TORQUE
18.7 nm / 5,000 rpm
TRANSMISIÓN
5 velocidades más reversa, pedal
SISTEMA DE ENFRIAMIENTO
Aire, enfriador de aceite
CARBURADOR
Válvula de pistón / venturi de 20 mm

","MEDIDAS Y PESO
PESO EN SECO
190 kg
LARGO / ANCHO / ALTO
1,905 mm / 1,035 mm / 1,070 mm
ALTURA DEL ASIENTO
973 mm
DISTANCIA ENTRE EJES
1,131 mm
NEUMÁTICO DELANTERO Y TRASERO
AT22X7-11 AT22X10-9

SISTEMA DE IGNICIÓN
SISTEMA DE ENCENDIDO
AC-CDI
SISTEMA DE ARRANQUE
Eléctrico / auxiliar retráctil

CAPACIDAD
CAPACIDAD DE CARGA
175 kg (incluye peso del conductor, pasajero, carga y accesorios)
CAP. DEL TANQUE DE GASOLINA
9 l (incluye 2.3 l de reserva)
CAPACIDAD DE PASAJEROS
1

SUSPENSIÓN Y FRENOS
SUSPENSIÓN DELANTERA
Independiente con doble brazo / 130 mm de carrera
SUSPENSIÓN TRASERA
Oscilante con un amortiguador / 125 mm de carrera
FRENO DELANTERO
Hidráulico, tambor sellado 130 mm
FRENO TRASERO
Mecánico tambor 140 mm
",ATVS,,HONDA,108000,,trx250-tm-rojo.jpg,trx250-tm-1.jpg | trx250-tm-2.jpg | trx250-tm-3.jpg | trx250-tm-4.jpg | rojo.jpg,ROJO,
Producto padre,TRX420FE,TRX420FE,"MOTOR
MOTOR
4 tiempos, monocilíndrico, OHV
POTENCIA
26.5 Hp / 6,000 rpm
CILINDRADA
420.2 c.c.
TORQUE
32.3 nm / 5,500 rpm
TRANSMISIÓN
5 velocidades más reversa, ESP
SISTEMA DE ENFRIAMIENTO
Líquido
SISTEMA DE COMBUSTIBLE
Inyección electrónica PGM-FI, cuerpo de aceleración / 34 mm de diámetro","MEDIDAS Y PESO
PESO EN SECO
255 kg
LARGO / ANCHO / ALTO
2,055 mm / 1,172 mm / 1,146 mm
ALTURA DEL ASIENTO
822 mm
DISTANCIA ENTRE EJES
1,249 mm
DISTANCIA LIBRE AL PISO
165 mm
NEUMÁTICO DELANTERO Y TRASERO
AT24X8-12 AT24X10-11

SISTEMA DE IGNICIÓN
SISTEMA DE ENCENDIDO
Transistorizado total
SISTEMA DE ARRANQUE
Eléctrico / auxiliar retráctil

CAPACIDAD DE CARGA
220 kg (incluye peso del conductor, pasajero, carga y accesorios)
CAP. DEL TANQUE DE GASOLINA
13.3 l (incluye 2.6 l reserva)
CAPACIDAD DE PASAJEROS
1
SUSPENSIÓN Y FRENOS
SUSPENSIÓN DELANTERA
Independiente con doble horquilla / 160 mm de carrera
SUSPENSIÓN TRASERA
Oscilante amortiguador sencillo 160 mm de carrera
FRENO DELANTERO
Disco hidráulico
FRENO TRASERO
Tambor mecánico accionado por cable",ATVS,,HONDA,154900,,trx420-fe-rojo.jpg,trx420-fe-1.jpg | trx420-fe-2.jpg | trx420-fe-3.jpg | trx420-fe-4.jpg | rojo.jpg,ROJO,
Producto padre,TRX420FM,TRX420FM,"MOTOR
MOTOR
4 tiempos, monocilíndrico, OHV
POTENCIA
26.5 Hp / 6,000 rpm
CILINDRADA
420.2 c.c.
TORQUE
32.3 nm / 5,500 rpm
TRANSMISIÓN
5 velocidades más reversa, pedal
SISTEMA DE ENFRIAMIENTO
Líquido
SISTEMA DE COMBUSTIBLE
Inyección electrónica PGM-FI, cuerpo de aceleración / 34 mm de diámetro","MEDIDAS Y PESO
PESO EN SECO
254 kg
LARGO / ANCHO / ALTO
2,055 mm / 1,172 mm / 1,146 mm
ALTURA DEL ASIENTO
822 mm
DISTANCIA ENTRE EJES
1,249 mm
DISTANCIA LIBRE AL PISO
165 mm
NEUMÁTICO DELANTERO Y TRASERO
AT24X8-12 AT24X10-11

SISTEMA DE IGNICIÓN
SISTEMA DE ENCENDIDO
Transistorizado total
SISTEMA DE ARRANQUE
Eléctrico / auxiliar retráctil

CAPACIDAD
CAPACIDAD DE CARGA
220 kg (incluye peso del conductor, pasajero, carga y accesorios)
CAP. DEL TANQUE DE GASOLINA
13.3 l (incluye 2.6 l reserva)
CAPACIDAD DE PASAJEROS
1

SUSPENSIÓN Y FRENOS
SUSPENSIÓN DELANTERA
Independiente con doble horquilla / 160 mm de carrera
SUSPENSIÓN TRASERA
Oscilante amortiguador sencillo 160 mm de carrera
FRENO DELANTERO
Disco hidráulico
FRENO TRASERO
Tambor mecánico accionado por cable",ATVS,,HONDA,147900,,trx420-fm-rojo.jpg,trx420-fm-1.jpg | trx420-fm-2.jpg | trx420-fm-3.jpg | trx420-fm-4.jpg | rojo.jpg,ROJO,
Producto padre,TRX420 TM,TRX420 TM,"MOTOR
MOTOR
4 tiempos, monocilíndrico, OHV
POTENCIA
26.5 Hp / 6,000 rpm
CILINDRADA
420.2 c.c.
TORQUE
32.3 nm / 5,500 rpm
TRANSMISIÓN
5 velocidades más reversa, pedal
SISTEMA DE ENFRIAMIENTO
Líquido
SISTEMA DE COMBUSTIBLE
Inyección electrónica PGM-FI, cuerpo de aceleración / 34 mm de diámetro","MEDIDAS Y PESO
PESO EN SECO
237 kg
LARGO / ANCHO / ALTO
2,055 mm / 1,172 mm / 1,146 mm
ALTURA DEL ASIENTO
822 mm
DISTANCIA ENTRE EJES
1,249 mm
DISTANCIA LIBRE AL PISO
165 mm
NEUMÁTICO DELANTERO Y TRASERO
AT24X8-12 AT24X10-11

SISTEMA DE IGNICIÓN
SISTEMA DE ENCENDIDO
Transistorizado total
SISTEMA DE ARRANQUE
Eléctrico / auxiliar retráctil

CAPACIDAD
CAPACIDAD DE CARGA
220 kg (incluye peso del conductor, pasajero, carga y accesorios)
CAP. DEL TANQUE DE GASOLINA
13.3 l (incluye 2.6 l reserva)
CAPACIDAD DE PASAJEROS
1

SUSPENSIÓN Y FRENOS
SUSPENSIÓN DELANTERA
Independiente con doble horquilla / 160 mm de carrera
SUSPENSIÓN TRASERA
Oscilante amortiguador sencillo 160 mm de carrera
FRENO DELANTERO
Disco hidráulico
FRENO TRASERO
Tambor mecánico accionado por cable",ATVS,,HONDA,"133,900",,trx420-tm-rojo.jpg,trx420-tm-1.jpg | trx420-tm-2.jpg | trx420-tm-3.jpg | trx420-tm-4.jpg | rojo.jpg,ROJO,
Producto padre,TRX500FE,TRX500FE,"MOTOR
MOTOR
4 tiempos, monocilíndrico, OHV
POTENCIA
N/D
CILINDRADA
475 c.c.
TORQUE
N/D
TRANSMISIÓN
5 velocidades más reversa, ESP
SISTEMA DE ENFRIAMIENTO
Aire natural / ventilador 2 radiadores aceite
SISTEMA DE COMBUSTIBLE
Válvula de pistón / 33 mm","PESO EN SECO
279 kg
LARGO / ANCHO / ALTO
2,108 mm / 1,189 mm / 1,181 mm
ALTURA DEL ASIENTO
861 mm
DISTANCIA ENTRE EJES
1,287 mm
DISTANCIA LIBRE AL PISO
190.5 mm
NEUMÁTICO DELANTERO Y TRASERO
25X8-12 25X10-12

SISTEMA DE IGNICIÓN
SISTEMA DE ENCENDIDO
CDI con avance electrónico
SISTEMA DE ARRANQUE
Eléctrico / auxiliar retráctil

CAPACIDAD
CAPACIDAD DE CARGA
220 kg (incluye peso del conductor, pasajero, carga y accesorios)
CAP. DEL TANQUE DE GASOLINA
15.8 l (incluye 3.4 l reserva)
CAPACIDAD DE PASAJEROS
1

SUSPENSIÓN Y FRENOS
SUSPENSIÓN DELANTERA
Independiente con doble horquilla, 170 mm de carrera
SUSPENSIÓN TRASERA
Oscilante con un amortiguador y 176 mm de carrera. Amortiguador con ajuste de precarga
FRENO DELANTERO
Dos discos hidráulicos / 180 mm
FRENO TRASERO
Tambor mecánico accionado por cable",ATVS,,HONDA,16699,,trx500-fe-rojo.jpg,trx500-fe-1.jpg | trx500-fe-2.jpg | trx500-fe-3.jpg | trx500-fe-4.jpg | rojo.jpg,ROJO,
Producto Padre,TRX500FM,TRX500FM,"MOTOR
MOTOR
4 tiempos, monocilíndrico, OHV
POTENCIA
N/D
CILINDRADA
475 c.c.
TORQUE
N/D
TRANSMISIÓN
5 velocidades más reversa
SISTEMA DE ENFRIAMIENTO
Aire natural / ventilador 2 radiadores aceite
SISTEMA DE COMBUSTIBLE
Válvula de pistón / 33 mm","MEDIDAS Y PESO
PESO EN SECO
FM: 269 kg
LARGO / ANCHO / ALTO
2,108 mm / 1,189 mm / 1,181 mm
ALTURA DEL ASIENTO
861 mm
DISTANCIA ENTRE EJES
1,287 mm
DISTANCIA LIBRE AL PISO
190.5 mm
NEUMÁTICO DELANTERO Y TRASERO
25X8-12 25X10-12

SISTEMA DE IGNICIÓN
SISTEMA DE ENCENDIDO
CDI con avance electrónico
SISTEMA DE ARRANQUE
Eléctrico / auxiliar retráctil

CAPACIDAD
CAPACIDAD DE CARGA
220 kg (incluye peso del conductor, pasajero, carga y accesorios)
CAP. DEL TANQUE DE GASOLINA
15.8 l (incluye 3.4 l reserva)
CAPACIDAD DE PASAJEROS
1

SUSPENSIÓN Y FRENOS
SUSPENSIÓN DELANTERA
Independiente con doble horquilla, 170 mm de carrera
SUSPENSIÓN TRASERA
Oscilante con un amortiguador y 176 mm de carrera. Amortiguador con ajuste de precarga
FRENO DELANTERO
Dos discos hidráulicos / 180 mm
FRENO TRASERO
Tambor mecánico accionado por cable",ATVS,,HONDA,159900,,trx500-fm-rojo.jpg,trx500-fm-1.jpg | trx500-fm-2.jpg | trx500-fm-3.jpg | trx500-fm-4.jpg | rojo.jpg,ROJO,
Producto Padre,TRX680FA,TRX680FA,"MOTOR
MOTOR Y C.C.
4 tiempos, monocilíndrico, OHV
POTENCIA
33 Hp / 6,000 rpm
CILINDRADA
674.9 c.c.
TORQUE
50.1 nm / 5,000 rpm
TRANSMISIÓN
Automática: 3 velocidades más reversa, con convertidor de torque hidráulico. Manual: 3 velocidades más reversa, operador ESP
SISTEMA DE ENFRIAMIENTO
Líquido
SISTEMA DE COMBUSTIBLE
Inyección electrónica PGM-FI, cuerpo de aceleración / 40 mm","MEDIDAS Y PESO
PESO EN SECO
277 kg
LARGO / ANCHO / ALTO
2,113 mm / 1,189 mm / 1,207 mm
ALTURA DEL ASIENTO
875 mm
DISTANCIA ENTRE EJES
1,289 mm
DISTANCIA LIBRE AL PISO
234 mm
NEUMÁTICO DELANTERO Y TRASERO
AT25X8R - 12 AT25X10R - 12

SISTEMA DE IGNICIÓN
SISTEMA DE ENCENDIDO
Transistorizado total
SISTEMA DE ARRANQUE
Eléctrico / auxiliar retráctil

CAPACIDAD
CAPACIDAD DE CARGA
220 kg (incluye peso del conductor, pasajero, carga y accesorios)
CAP. DEL TANQUE DE GASOLINA
16.3 l (incluye 4.3 l de reserva)
CAPACIDAD DE PASAJEROS
1

SUSPENSIÓN Y FRENOS
SUSPENSIÓN DELANTERA
Independiente con doble brazo / 175 mm de carrera
SUSPENSIÓN TRASERA
Independiente con doble brazo / 203 mm de carrera
FRENO DELANTERO
Disco hidráulico
FRENO TRASERO
Disco hidráulico sobre la flecha",ATVS,,HONDA,238990,,trx680-fa-rojo.jpg,trx680-fa-1.jpg | trx680-fa-2.jpg | trx680-fa-3.jpg | trx680-fa-4.jpg | rojo.jpg,ROJO,
PRODUCTO HIJO ,CBX250 TWISTER ,CBX250 TWISTER ROJA,"MOTOR
Descripción 4 tiempos, monocilindrico, DOHC, 4 válvulas.
Desplazamiento 249.0 CC
Diametro por carrera 73.0 X 59.5 mm
Potencia máxima 23.7 Hp / 8,000 rpm.
Torque 24.0 N.m / 10,000 rpm.
Relación de compresion 9.3:1
Sistema de enfriamiento Por aire natural, con radiador de aceite.
Sistema de lubricación Forzada por bomba trocoidal con cárter humedo.
Sistema de alimentación Carburador tipo vacio constante (CV), 32 mm diám.
Sistema de arranque Eléctrico.","ESPECIFICACIONES / MOTOR
Capacidad de aceite de motor 1.5 (al drenar ) / 1.8 (al desarmar)
Aceite de motor recomendado: 4 tiempos Honda GN4 / SAE: 10W-30 / API: SG ó superior / JASO T 903 : MA
Holgura de Válvulas: ADM: 0.12 ± 0.03 mm / ESC: 0.15 ± 0.03 mm
ENCENDIDO
Sistema de encendido DC-CDI
Tipo de bujía std. / Holgura de electrodos CR8EH - 9S (NGK) / 0.8 - 0.9 mm.
Bujía opcional CR9EH - 9S (NGK) Recomendada para manejo a alta velocidad por periodos prolongados.
TREN MOTRIZ
Transmisión 6 Velocidades tipo retorno.
Embrague Multidisco en baño de aceite, accionado por cable.
Tracción final Por cadena.
Cadena de tracción medida/eslabones 520VD - 106L
SISTEMA ELECTRICO
Sistema de carga Alternador trifásico
Batería 12V - 6Ah
Sistema de iluminación Por batería.
SISTEMA DE COMBUSTIBLE
Capacidad de tanque de combustible 16.5 litros (inc. 2.5 lt de reserva)
Identificacion del carburador VEA2K
Surtidor de alta # 138
Surtidor de baja # 45
Velocidad ralentí 1,400 ± 100 rpm
CHASIS
Tipo Tipo cuna semi-doble, tubular en acero.
NEUMATICOS
Delantero / Trasero 100 / 80 - 17 M/C 52S (sin cámara) / 130 / 70 - 17 M/C 62S (sin cámara)
SUSPENSION DELANTERA
Descripción Horquillas telescópicas, 116 mm de carrera.
Presión de aire de neumático delantero 225 kPa(2.25kgf.cm2
, 33 psi).
SUSPENSION TRASERA
Descripción Brazo oscilante con un amortiguador y 100 mm de carrera.
Presión de aire de neumático trasero 250 kPa(2.5kgf.cm2, 36 psi).
FRENOS
Delantero Disco, hidráulico de 276 mm x 1.
Fluido de frenos recomendado DOT 4
Trasero Tambor mecánico simple, 130 mm de diámetro interno.
DIMENSIONES (mm)
Largo total / Ancho total / Altura total 2,031 / 746 / 1,057
Distancia entre ejes 1,369
Altura del asiento / Distancia libre al suelo 782 / 162
Peso en orden de marcha 152.5 kg (incluye equipo estandar, todos los fluidos requeridos y tanque de combustible lleno)",OFF ROAD,,HONDA,,,twister-roja.jpg,cbx250-twister-1.jpg | cbx250-twister-2.jpg | cbx250-twister-3.jpg | cbx250-twister-4.jpg | cbx250-twister-5.jpg | cbx250-twister-6.jpg | rojo.jpg,ROJO,
PRODUCTO HIJO ,CBX250 TWISTER ,CBX250 TWISTER NEGRA,"MOTOR
Descripción 4 tiempos, monocilindrico, DOHC, 4 válvulas.
Desplazamiento 249.0 CC
Diametro por carrera 73.0 X 59.5 mm
Potencia máxima 23.7 Hp / 8,000 rpm.
Torque 24.0 N.m / 10,000 rpm.
Relación de compresion 9.3:1
Sistema de enfriamiento Por aire natural, con radiador de aceite.
Sistema de lubricación Forzada por bomba trocoidal con cárter humedo.
Sistema de alimentación Carburador tipo vacio constante (CV), 32 mm diám.
Sistema de arranque Eléctrico.","ESPECIFICACIONES / MOTOR
Capacidad de aceite de motor 1.5 (al drenar ) / 1.8 (al desarmar)
Aceite de motor recomendado: 4 tiempos Honda GN4 / SAE: 10W-30 / API: SG ó superior / JASO T 903 : MA
Holgura de Válvulas: ADM: 0.12 ± 0.03 mm / ESC: 0.15 ± 0.03 mm
ENCENDIDO
Sistema de encendido DC-CDI
Tipo de bujía std. / Holgura de electrodos CR8EH - 9S (NGK) / 0.8 - 0.9 mm.
Bujía opcional CR9EH - 9S (NGK) Recomendada para manejo a alta velocidad por periodos prolongados.
TREN MOTRIZ
Transmisión 6 Velocidades tipo retorno.
Embrague Multidisco en baño de aceite, accionado por cable.
Tracción final Por cadena.
Cadena de tracción medida/eslabones 520VD - 106L
SISTEMA ELECTRICO
Sistema de carga Alternador trifásico
Batería 12V - 6Ah
Sistema de iluminación Por batería.
SISTEMA DE COMBUSTIBLE
Capacidad de tanque de combustible 16.5 litros (inc. 2.5 lt de reserva)
Identificacion del carburador VEA2K
Surtidor de alta # 138
Surtidor de baja # 45
Velocidad ralentí 1,400 ± 100 rpm
CHASIS
Tipo Tipo cuna semi-doble, tubular en acero.
NEUMATICOS
Delantero / Trasero 100 / 80 - 17 M/C 52S (sin cámara) / 130 / 70 - 17 M/C 62S (sin cámara)
SUSPENSION DELANTERA
Descripción Horquillas telescópicas, 116 mm de carrera.
Presión de aire de neumático delantero 225 kPa(2.25kgf.cm2
, 33 psi).
SUSPENSION TRASERA
Descripción Brazo oscilante con un amortiguador y 100 mm de carrera.
Presión de aire de neumático trasero 250 kPa(2.5kgf.cm2, 36 psi).
FRENOS
Delantero Disco, hidráulico de 276 mm x 1.
Fluido de frenos recomendado DOT 4
Trasero Tambor mecánico simple, 130 mm de diámetro interno.
DIMENSIONES (mm)
Largo total / Ancho total / Altura total 2,031 / 746 / 1,057
Distancia entre ejes 1,369
Altura del asiento / Distancia libre al suelo 782 / 162
Peso en orden de marcha 152.5 kg (incluye equipo estandar, todos los fluidos requeridos y tanque de combustible lleno)",OFF ROAD,,HONDA,,,twister-negra.jpg,cbx250-twister-1.jpg | cbx250-twister-2.jpg | cbx250-twister-3.jpg | cbx250-twister-4.jpg | cbx250-twister-5.jpg | cbx250-twister-6.jpg | negro.jpg,NEGRO,
PRODUCTO HIJO ,CBX250 TWISTER ,CBX250 TWISTER BLANCA,"MOTOR
Descripción 4 tiempos, monocilindrico, DOHC, 4 válvulas.
Desplazamiento 249.0 CC
Diametro por carrera 73.0 X 59.5 mm
Potencia máxima 23.7 Hp / 8,000 rpm.
Torque 24.0 N.m / 10,000 rpm.
Relación de compresion 9.3:1
Sistema de enfriamiento Por aire natural, con radiador de aceite.
Sistema de lubricación Forzada por bomba trocoidal con cárter humedo.
Sistema de alimentación Carburador tipo vacio constante (CV), 32 mm diám.
Sistema de arranque Eléctrico.","ESPECIFICACIONES / MOTOR
Capacidad de aceite de motor 1.5 (al drenar ) / 1.8 (al desarmar)
Aceite de motor recomendado: 4 tiempos Honda GN4 / SAE: 10W-30 / API: SG ó superior / JASO T 903 : MA
Holgura de Válvulas: ADM: 0.12 ± 0.03 mm / ESC: 0.15 ± 0.03 mm
ENCENDIDO
Sistema de encendido DC-CDI
Tipo de bujía std. / Holgura de electrodos CR8EH - 9S (NGK) / 0.8 - 0.9 mm.
Bujía opcional CR9EH - 9S (NGK) Recomendada para manejo a alta velocidad por periodos prolongados.
TREN MOTRIZ
Transmisión 6 Velocidades tipo retorno.
Embrague Multidisco en baño de aceite, accionado por cable.
Tracción final Por cadena.
Cadena de tracción medida/eslabones 520VD - 106L
SISTEMA ELECTRICO
Sistema de carga Alternador trifásico
Batería 12V - 6Ah
Sistema de iluminación Por batería.
SISTEMA DE COMBUSTIBLE
Capacidad de tanque de combustible 16.5 litros (inc. 2.5 lt de reserva)
Identificacion del carburador VEA2K
Surtidor de alta # 138
Surtidor de baja # 45
Velocidad ralentí 1,400 ± 100 rpm
CHASIS
Tipo Tipo cuna semi-doble, tubular en acero.
NEUMATICOS
Delantero / Trasero 100 / 80 - 17 M/C 52S (sin cámara) / 130 / 70 - 17 M/C 62S (sin cámara)
SUSPENSION DELANTERA
Descripción Horquillas telescópicas, 116 mm de carrera.
Presión de aire de neumático delantero 225 kPa(2.25kgf.cm2
, 33 psi).
SUSPENSION TRASERA
Descripción Brazo oscilante con un amortiguador y 100 mm de carrera.
Presión de aire de neumático trasero 250 kPa(2.5kgf.cm2, 36 psi).
FRENOS
Delantero Disco, hidráulico de 276 mm x 1.
Fluido de frenos recomendado DOT 4
Trasero Tambor mecánico simple, 130 mm de diámetro interno.
DIMENSIONES (mm)
Largo total / Ancho total / Altura total 2,031 / 746 / 1,057
Distancia entre ejes 1,369
Altura del asiento / Distancia libre al suelo 782 / 162
Peso en orden de marcha 152.5 kg (incluye equipo estandar, todos los fluidos requeridos y tanque de combustible lleno)",OFF ROAD,,HONDA,,,twister-blanca.jpg,cbx250-twister-1.jpg | cbx250-twister-2.jpg | cbx250-twister-3.jpg | cbx250-twister-4.jpg | cbx250-twister-5.jpg | cbx250-twister-6.jpg | blanco.jpg,BLANCO,
,CRF 230F,CRF 230F,"MOTOR
Descripción 4 tiempos, monocilindrico, SOHC / 2 válvulas.
Desplazamiento 223.0 cc
Diametro por carrera 65.5 X 66.2 mm
Potencia máxima 18.6 Hp / 8,000 rpm
Torque 18.8 N•m / 6,000 rpm
Relación de compresion 9.0:1
Sistema de enfriamiento Por aire.
Sistema de arranque Eléctrico.
Sistema de alimentación Carburador de válvula de pistón de 28 mm.
Sistema de lubricación Forzada por bomba trocoidal con cárter humedo.","ESPECIFICACIONES / MOTOR
Capacidad de aceite de motor 1.0 lt (al drenar) / 1.2 lt (al desarmar)
Aceite de motor recomendado 4 tiempos Honda GN4 / SAE: 10W-30 / API: SG ó superior / JASO T 903 : MA.
ENCENDIDO
Sistema de encendido Por CDI.
Tipo de bujía std. / Holgura de electrodos DPR8EA - 9 (NGK) / 0.8 - 0.9 mm
Bujía opcional DPR7EA - 9 (NGK) Recomendada para clima frio.
TREN MOTRIZ
Transmisión 6 Velocidades tipo retorno
Embrague Multidisco en baño de aceite, accionado por cable
Tracción final Por cadena.
Cadena de tracción medida/eslabones DID 520V6 - 120ZB
SISTEMA ELECTRICO
Sistema de carga Alternador monofásico
Sistema de luces Por alternador.
SISTEMA DE COMBUSTIBLE
Capacidad de tanque de combustible 7.0 lt. (incluye 1.5 lt en reserva)
Identificacion del carburador PD9CA
Velocidad ralentí 1,.400 ± 100 rpm
Combustible recomendado Gasolina sin plomo de 91 octanos.
CHASIS
Tipo Cuna semidoble en acero.
NEUMATICOS
Delantero / Trasero 80 / 100 - 21 - 51R NHS / 100 / 100 - 18 - 59R NHS
SUSPENSION DELANTERA
Descripción Horquillas telescópicas con 216 mm de carrera.
Presión de aire de neumático delantero 100 kPa(1.0kgf.cm2
, 15 psi).
SUSPENSION TRASERA
Descripción Brazo oscilante con 1 amortiguador y 230 mm de carrera.
Presión de aire de neumático trasero 100 kPa(1.0kgf.cm2
, 15 psi).
FRENOS
Delantero Hidráulico, disco de 240 mm x 1.
Fluido de frenos recomendado DOT 4
Trasero Tambor mecánico, con 130 mm de diametro.
DIMENSIONES (mm)
Largo total / Ancho total / Altura total 2,059 / 812 / 1,190
Distancia entre ejes 1,372
Altura del asiento / Distancia libre al suelo 872 / 305
Peso en orden de marcha 113.8 kg (incluye equipo estandar, todos los fluidos requeridos y tanque de combustible lleno)
FICHA DESEMPEÑO
Capacidad máxima de carga 100 kg. (Incluye peso de conductor, equipo y accesorios).
Velocidad máxima 104 km
onsumo de combustible N/D",OFF ROAD,,HONDA,,,crf-230f-rojo.jpg,crf230-f-1.jpg | crf230-f-2.jpg | crf230-f-3.jpg | crf230-f-4.jpg | rojo.jpg,ROJO,
PRODUCTO HIJO ,XR250 TORNADO,XR250 TORNADO ROJA,"MOTOR
Descripción 4 tiempos, monocilindrico, DOHC / 4 válvs.
Desplazamiento 249 CC
Diametro por carrera 73.0 X 59.5 mm
Potencia máxima 23.0 Hp / 7,500 rpm.
Torque 23.8 N.m / 6,000 rpm.
Relación de compresion 9.3:1
Sistema de enfriamiento Por aire con radiador de aceite.
Sistema de lubricación Forzada por bomba trocoidal con cárter humedo.
Sistema de alimentación Carburador, válvula de pistón (PD) / 32 mm de diám.
Sistema de arranque Eléctrico.","ESPECIFICACIONES / MOTOR
Capacidad de aceite de motor 1.5 lt (al drenar + filtro) / 1.8 (al desarmar)
Aceite de motor recomendado: 4 tiempos Honda GN4 / SAE: 10W-30 / API: SG ó superior / JASO T 903 : MA
Holgura de Válvulas: ADM: 0.12 mm / ESC: 0.15 mm
ENCENDIDO
Sistema de encendido DC-CDI
Tipo de bujía std. / Holgura de electrodos CR8EH - 9S (NGK) / 0.8 - 0.9 mm
Bujía opcional CR9EH - 9S (NGK) Recomendada para manejo a alta velocidad por periodos prolongados.
TREN MOTRIZ
Transmisión 6 Velocidades tipo retorno
Embrague Multidisco en baño de aceite.
Tracción final Por cadena.
Cadena de tracción medida/eslabones 520 VD - 104L
SISTEMA ELECTRICO
Sistema de carga Alternador trifásico
Batería 12V - 6Ah (Libre de mantenimiento)
Sistema de iluminación Por batería.
SISTEMA DE COMBUSTIBLE
Capacidad de tanque de combustible 11.5 litros (incluye 3.7 lt de reserva)
Identificacion del carburador VEA1H
Surtidor de alta # 138
Surtidor de baja # 45
Velocidad ralentí 1,.400 ± 100 rpm
Combustible recomendado Gasolina sin plomo de 91 octanos o superior
CHASIS
Tipo Tipo cuna semi-doble en acero.
NEUMATICOS
Delantero / Trasero 90 / 90 - 21 - M/C 54S / 120 / 80 - 18 - M/C 62S
SUSPENSION DELANTERA
Descripción Horquillas telescópicas con 245 mm de carrera
Presión de aire de neumático delantero 150 kPa(1.50kgf.cm2, 22 psi).
SUSPENSION TRASERA
Descripción DHS (Double Height Suspension) Brazo oscilante tipo Pro Link amortiguador sencillo con 242 mm de carrera.
Presión de aire de neumático trasero 200 kPa(2.00kgf.cm2, 29 psi).
FRENOS
Delantero Disco único de 240 mm / hidráulico
Trasero Tambor mecánico simple de 130 mm.
Fluido de frenos recomendado DOT 3 ó DOT 4
DIMENSIONES (mm)
Largo total / Ancho total / Altura total 2,147 / 845 / 1,203
Distancia entre ejes 1,427
Altura del asiento / Distancia libre al suelo 880 / 281
Peso en orden de marcha 143.0 kg (incluye equipo estandar, todos los fluidos requeridos y tanque de combustible lleno)
FICHA DESEMPEÑO
Capacidad máxima de carga 153 kg. (Incluye peso de conductor, pasajero, carga y accesorios).
Velocidad máxima 140 km/h
Consumo de combustible 31.5 km/l",DONLE PROPOSITO,,HONDA,,"76,000",xr250-rojo.jpg,parte-xr150.jpg | rojo.jpg,ROJO ,
PRODUCTO HIJO ,XR250 TORNADO,XR250 TORNADO BLANCA,"MOTOR
Descripción 4 tiempos, monocilindrico, DOHC / 4 válvs.
Desplazamiento 249 CC
Diametro por carrera 73.0 X 59.5 mm
Potencia máxima 23.0 Hp / 7,500 rpm.
Torque 23.8 N.m / 6,000 rpm.
Relación de compresion 9.3:1
Sistema de enfriamiento Por aire con radiador de aceite.
Sistema de lubricación Forzada por bomba trocoidal con cárter humedo.
Sistema de alimentación Carburador, válvula de pistón (PD) / 32 mm de diám.
Sistema de arranque Eléctrico.","ESPECIFICACIONES / MOTOR
Capacidad de aceite de motor 1.5 lt (al drenar + filtro) / 1.8 (al desarmar)
Aceite de motor recomendado: 4 tiempos Honda GN4 / SAE: 10W-30 / API: SG ó superior / JASO T 903 : MA
Holgura de Válvulas: ADM: 0.12 mm / ESC: 0.15 mm
ENCENDIDO
Sistema de encendido DC-CDI
Tipo de bujía std. / Holgura de electrodos CR8EH - 9S (NGK) / 0.8 - 0.9 mm
Bujía opcional CR9EH - 9S (NGK) Recomendada para manejo a alta velocidad por periodos prolongados.
TREN MOTRIZ
Transmisión 6 Velocidades tipo retorno
Embrague Multidisco en baño de aceite.
Tracción final Por cadena.
Cadena de tracción medida/eslabones 520 VD - 104L
SISTEMA ELECTRICO
Sistema de carga Alternador trifásico
Batería 12V - 6Ah (Libre de mantenimiento)
Sistema de iluminación Por batería.
SISTEMA DE COMBUSTIBLE
Capacidad de tanque de combustible 11.5 litros (incluye 3.7 lt de reserva)
Identificacion del carburador VEA1H
Surtidor de alta # 138
Surtidor de baja # 45
Velocidad ralentí 1,.400 ± 100 rpm
Combustible recomendado Gasolina sin plomo de 91 octanos o superior
CHASIS
Tipo Tipo cuna semi-doble en acero.
NEUMATICOS
Delantero / Trasero 90 / 90 - 21 - M/C 54S / 120 / 80 - 18 - M/C 62S
SUSPENSION DELANTERA
Descripción Horquillas telescópicas con 245 mm de carrera
Presión de aire de neumático delantero 150 kPa(1.50kgf.cm2, 22 psi).
SUSPENSION TRASERA
Descripción DHS (Double Height Suspension) Brazo oscilante tipo Pro Link amortiguador sencillo con 242 mm de carrera.
Presión de aire de neumático trasero 200 kPa(2.00kgf.cm2, 29 psi).
FRENOS
Delantero Disco único de 240 mm / hidráulico
Trasero Tambor mecánico simple de 130 mm.
Fluido de frenos recomendado DOT 3 ó DOT 4
DIMENSIONES (mm)
Largo total / Ancho total / Altura total 2,147 / 845 / 1,203
Distancia entre ejes 1,427
Altura del asiento / Distancia libre al suelo 880 / 281
Peso en orden de marcha 143.0 kg (incluye equipo estandar, todos los fluidos requeridos y tanque de combustible lleno)
FICHA DESEMPEÑO
Capacidad máxima de carga 153 kg. (Incluye peso de conductor, pasajero, carga y accesorios).
Velocidad máxima 140 km/h
Consumo de combustible 31.5 km/l",DONLE PROPOSITO,,HONDA,,"76,000",xr250-blanco.jpg,parte-xr150.jpg | blanco.jpg,BLANCO,
PRODUCTO HIJO ,XR250 TORNADO,XR250 TORNADO NEGRO,"MOTOR
Descripción 4 tiempos, monocilindrico, DOHC / 4 válvs.
Desplazamiento 249 CC
Diametro por carrera 73.0 X 59.5 mm
Potencia máxima 23.0 Hp / 7,500 rpm.
Torque 23.8 N.m / 6,000 rpm.
Relación de compresion 9.3:1
Sistema de enfriamiento Por aire con radiador de aceite.
Sistema de lubricación Forzada por bomba trocoidal con cárter humedo.
Sistema de alimentación Carburador, válvula de pistón (PD) / 32 mm de diám.
Sistema de arranque Eléctrico.","ESPECIFICACIONES / MOTOR
Capacidad de aceite de motor 1.5 lt (al drenar + filtro) / 1.8 (al desarmar)
Aceite de motor recomendado: 4 tiempos Honda GN4 / SAE: 10W-30 / API: SG ó superior / JASO T 903 : MA
Holgura de Válvulas: ADM: 0.12 mm / ESC: 0.15 mm
ENCENDIDO
Sistema de encendido DC-CDI
Tipo de bujía std. / Holgura de electrodos CR8EH - 9S (NGK) / 0.8 - 0.9 mm
Bujía opcional CR9EH - 9S (NGK) Recomendada para manejo a alta velocidad por periodos prolongados.
TREN MOTRIZ
Transmisión 6 Velocidades tipo retorno
Embrague Multidisco en baño de aceite.
Tracción final Por cadena.
Cadena de tracción medida/eslabones 520 VD - 104L
SISTEMA ELECTRICO
Sistema de carga Alternador trifásico
Batería 12V - 6Ah (Libre de mantenimiento)
Sistema de iluminación Por batería.
SISTEMA DE COMBUSTIBLE
Capacidad de tanque de combustible 11.5 litros (incluye 3.7 lt de reserva)
Identificacion del carburador VEA1H
Surtidor de alta # 138
Surtidor de baja # 45
Velocidad ralentí 1,.400 ± 100 rpm
Combustible recomendado Gasolina sin plomo de 91 octanos o superior
CHASIS
Tipo Tipo cuna semi-doble en acero.
NEUMATICOS
Delantero / Trasero 90 / 90 - 21 - M/C 54S / 120 / 80 - 18 - M/C 62S
SUSPENSION DELANTERA
Descripción Horquillas telescópicas con 245 mm de carrera
Presión de aire de neumático delantero 150 kPa(1.50kgf.cm2, 22 psi).
SUSPENSION TRASERA
Descripción DHS (Double Height Suspension) Brazo oscilante tipo Pro Link amortiguador sencillo con 242 mm de carrera.
Presión de aire de neumático trasero 200 kPa(2.00kgf.cm2, 29 psi).
FRENOS
Delantero Disco único de 240 mm / hidráulico
Trasero Tambor mecánico simple de 130 mm.
Fluido de frenos recomendado DOT 3 ó DOT 4
DIMENSIONES (mm)
Largo total / Ancho total / Altura total 2,147 / 845 / 1,203
Distancia entre ejes 1,427
Altura del asiento / Distancia libre al suelo 880 / 281
Peso en orden de marcha 143.0 kg (incluye equipo estandar, todos los fluidos requeridos y tanque de combustible lleno)
FICHA DESEMPEÑO
Capacidad máxima de carga 153 kg. (Incluye peso de conductor, pasajero, carga y accesorios).
Velocidad máxima 140 km/h
Consumo de combustible 31.5 km/l",DOBLE PROPOSITO,,HONDA,,"76,000",xr250-negro.jpg,parte-xr150.jpg | negro.jpg,NEGRO,
Producto Padre,XR150,XR150 BLANCA,"MOTOR
Descripción 4 tiempos, monocilindrico, SOHC
Desplazamiento 149.2 CC
Diametro por carrera 57.3 X 57.8 mm
Potencia máxima 13.8 Hp / 8,000 rpm.
Torque 13.39 N.m / 6,000 rpm.
Relación de compresion 9.5:1
Sistema de enfriamiento Por aire.
Sistema de lubricación Forzada por bomba trocoidal con cárter humedo.
Sistema de alimentación PGM-FI (Fuel injection
Sistema de arranque Eléctrico","ESPECIFICACIONES / MOTOR
Capacidad de aceite de motor 1.0 lt (al drenar) / 1.2 (al desarmar)
Aceite de motor recomendado: 4 tiempos Honda GN4 / SAE: 10W-30 / API: SG ó superior / JASO T 903 : MA
Holgura de Válvulas: ADM: 0.08 mm / ESC: 0.12 mm
ENCENDIDO
Sistema de encendido Totalmente transistorizado
Tipo de bujía std. / Holgura de electrodos CPR8EA - 9 (NGK) / 0.8 - 0.9 mm
Bujía opcional CRP9EA - 9 (NGK) Recomendada para manejo a alta velocidad por periodos prolongados.
TREN MOTRIZ
Transmisión 5 Velocidades tipo retorno
Embrague Multidisco en baño de aceite.
Tracción final Por cadena.
Cadena de tracción medida/eslabones DID 428 H / 128
SISTEMA ELECTRICO
Sistema de carga Alternador monofásico
Batería 12V - 5Ah (Libre de mantenimiento)
Sistema de iluminación Por alternador.
SISTEMA DE COMBUSTIBLE
Capacidad de tanque de combustible 12.0 litros
Identificacion del cuerpo de aceleración GQM3A A
Velocidad ralentí 1,.400 ± 100 rpm
Combustible recomendado Gasolina sin plomo de 91 octanos o superior
CHASIS
Tipo Tipo cuna semidoble tubular en acero.
NEUMATICOS
Delantero / Trasero 90 / 90 - 19 - M/C 52 P / 110 / 90 - 17 - M/C 60 P
SUSPENSION DELANTERA
Descripción Horquillas telescópicas con 180 mm de carrera
Presión de aire de neumático delantero 150 kPa(1.50kgf.cm2, 22 psi).
SUSPENSION TRASERA
Descripción Brazo oscilante con un amortiguador 150 mm de carrera.
Presión de aire de neumático trasero 200 kPa(2.0kgf.cm2
, 29 psi).
FRENOS
Delantero Disco único de / hidráulico
Trasero Tambor mecánico de 110 mm
Fluido de frenos recomendado DOT 4
DIMENSIONES (mm)
Largo total / Ancho total / Altura total 2,036 / 810 / 1,138
Distancia entre ejes 1,353
Altura del asiento / Distancia libre al suelo 829 / 244
Peso en orden de marcha 127.0 kg (incluye equipo estandar, todos los fluidos requeridos y tanque de combustible lleno)
FICHA DESEMPEÑO
Capacidad máxima de carga 159 kg. (Incluye peso de conductor, pasajero, carga y accesorios).
Capacidad máxima de carga de parrilla trasera 7.0 kg.
Velocidad máxima 118.0 km/h
Consumo de combustible 34.0 km/l",DOBLE PROPOSITO,,HONDA,,,xr150-blanco.jpg,xr150-lek-1.jpg | xr150-lek-2.jpg | xr150-lek-3.jpg | xr150-lek-4.jpg | xr150-lek-5.jpg | xr150-lek-6.jpg | blanco.jpg,BLANCO,
Producto Hijo,XR151,XR150 NEGRA,"MOTOR
Descripción 4 tiempos, monocilindrico, SOHC
Desplazamiento 149.2 CC
Diametro por carrera 57.3 X 57.8 mm
Potencia máxima 13.8 Hp / 8,000 rpm.
Torque 13.39 N.m / 6,000 rpm.
Relación de compresion 9.5:1
Sistema de enfriamiento Por aire.
Sistema de lubricación Forzada por bomba trocoidal con cárter humedo.
Sistema de alimentación PGM-FI (Fuel injection
Sistema de arranque Eléctrico","ESPECIFICACIONES / MOTOR
Capacidad de aceite de motor 1.0 lt (al drenar) / 1.2 (al desarmar)
Aceite de motor recomendado: 4 tiempos Honda GN4 / SAE: 10W-30 / API: SG ó superior / JASO T 903 : MA
Holgura de Válvulas: ADM: 0.08 mm / ESC: 0.12 mm
ENCENDIDO
Sistema de encendido Totalmente transistorizado
Tipo de bujía std. / Holgura de electrodos CPR8EA - 9 (NGK) / 0.8 - 0.9 mm
Bujía opcional CRP9EA - 9 (NGK) Recomendada para manejo a alta velocidad por periodos prolongados.
TREN MOTRIZ
Transmisión 5 Velocidades tipo retorno
Embrague Multidisco en baño de aceite.
Tracción final Por cadena.
Cadena de tracción medida/eslabones DID 428 H / 128
SISTEMA ELECTRICO
Sistema de carga Alternador monofásico
Batería 12V - 5Ah (Libre de mantenimiento)
Sistema de iluminación Por alternador.
SISTEMA DE COMBUSTIBLE
Capacidad de tanque de combustible 12.0 litros
Identificacion del cuerpo de aceleración GQM3A A
Velocidad ralentí 1,.400 ± 100 rpm
Combustible recomendado Gasolina sin plomo de 91 octanos o superior
CHASIS
Tipo Tipo cuna semidoble tubular en acero.
NEUMATICOS
Delantero / Trasero 90 / 90 - 19 - M/C 52 P / 110 / 90 - 17 - M/C 60 P
SUSPENSION DELANTERA
Descripción Horquillas telescópicas con 180 mm de carrera
Presión de aire de neumático delantero 150 kPa(1.50kgf.cm2, 22 psi).
SUSPENSION TRASERA
Descripción Brazo oscilante con un amortiguador 150 mm de carrera.
Presión de aire de neumático trasero 200 kPa(2.0kgf.cm2
, 29 psi).
FRENOS
Delantero Disco único de / hidráulico
Trasero Tambor mecánico de 110 mm
Fluido de frenos recomendado DOT 4
DIMENSIONES (mm)
Largo total / Ancho total / Altura total 2,036 / 810 / 1,138
Distancia entre ejes 1,353
Altura del asiento / Distancia libre al suelo 829 / 244
Peso en orden de marcha 127.0 kg (incluye equipo estandar, todos los fluidos requeridos y tanque de combustible lleno)
FICHA DESEMPEÑO
Capacidad máxima de carga 159 kg. (Incluye peso de conductor, pasajero, carga y accesorios).
Capacidad máxima de carga de parrilla trasera 7.0 kg.
Velocidad máxima 118.0 km/h
Consumo de combustible 34.0 km/l",DOBLE PROPOSITO,,HONDA,,,xr150-negro.jpg,xr150-lek-1.jpg | xr150-lek-2.jpg | xr150-lek-3.jpg | xr150-lek-4.jpg | xr150-lek-5.jpg | xr150-lek-6.jpg | negro.jpg,NEGRO,
Producto Hijo,XR152,XR150 Roja,"MOTOR
Descripción 4 tiempos, monocilindrico, SOHC
Desplazamiento 149.2 CC
Diametro por carrera 57.3 X 57.8 mm
Potencia máxima 13.8 Hp / 8,000 rpm.
Torque 13.39 N.m / 6,000 rpm.
Relación de compresion 9.5:1
Sistema de enfriamiento Por aire.
Sistema de lubricación Forzada por bomba trocoidal con cárter humedo.
Sistema de alimentación PGM-FI (Fuel injection
Sistema de arranque Eléctrico","ESPECIFICACIONES / MOTOR
Capacidad de aceite de motor 1.0 lt (al drenar) / 1.2 (al desarmar)
Aceite de motor recomendado: 4 tiempos Honda GN4 / SAE: 10W-30 / API: SG ó superior / JASO T 903 : MA
Holgura de Válvulas: ADM: 0.08 mm / ESC: 0.12 mm
ENCENDIDO
Sistema de encendido Totalmente transistorizado
Tipo de bujía std. / Holgura de electrodos CPR8EA - 9 (NGK) / 0.8 - 0.9 mm
Bujía opcional CRP9EA - 9 (NGK) Recomendada para manejo a alta velocidad por periodos prolongados.
TREN MOTRIZ
Transmisión 5 Velocidades tipo retorno
Embrague Multidisco en baño de aceite.
Tracción final Por cadena.
Cadena de tracción medida/eslabones DID 428 H / 128
SISTEMA ELECTRICO
Sistema de carga Alternador monofásico
Batería 12V - 5Ah (Libre de mantenimiento)
Sistema de iluminación Por alternador.
SISTEMA DE COMBUSTIBLE
Capacidad de tanque de combustible 12.0 litros
Identificacion del cuerpo de aceleración GQM3A A
Velocidad ralentí 1,.400 ± 100 rpm
Combustible recomendado Gasolina sin plomo de 91 octanos o superior
CHASIS
Tipo Tipo cuna semidoble tubular en acero.
NEUMATICOS
Delantero / Trasero 90 / 90 - 19 - M/C 52 P / 110 / 90 - 17 - M/C 60 P
SUSPENSION DELANTERA
Descripción Horquillas telescópicas con 180 mm de carrera
Presión de aire de neumático delantero 150 kPa(1.50kgf.cm2, 22 psi).
SUSPENSION TRASERA
Descripción Brazo oscilante con un amortiguador 150 mm de carrera.
Presión de aire de neumático trasero 200 kPa(2.0kgf.cm2
, 29 psi).
FRENOS
Delantero Disco único de / hidráulico
Trasero Tambor mecánico de 110 mm
Fluido de frenos recomendado DOT 4
DIMENSIONES (mm)
Largo total / Ancho total / Altura total 2,036 / 810 / 1,138
Distancia entre ejes 1,353
Altura del asiento / Distancia libre al suelo 829 / 244
Peso en orden de marcha 127.0 kg (incluye equipo estandar, todos los fluidos requeridos y tanque de combustible lleno)
FICHA DESEMPEÑO
Capacidad máxima de carga 159 kg. (Incluye peso de conductor, pasajero, carga y accesorios).
Capacidad máxima de carga de parrilla trasera 7.0 kg.
Velocidad máxima 118.0 km/h
Consumo de combustible 34.0 km/l",DOBLE PROPOSITO,,HONDA,,,xr150-rojo.jpg,xr150-lek-1.jpg | xr150-lek-2.jpg | xr150-lek-3.jpg | xr150-lek-4.jpg | xr150-lek-5.jpg | xr150-lek-6.jpg | rojo.jpg,ROJO,
,DIO 111,DIO 111 ROJO,"MOTOR
MOTOR Y C.C.
4 tiempos, monocilíndrico, SOHC
POTENCIA
7.65 Hp / 7,5 00 rpm
CILINDRADA
108.9 c.c.
TORQUE
8.7 Nm / 5,500 rpm
TRANSMISIÓN
Tipo V-MATIC (por banda)
SISTEMA DE ENFRIAMIENTO
Aire
SISTEMA DE LUBRICACIÒN
Forzada por bomba trocoidal / cárter húmedo","MEDIDAS Y PESO
PESO EN SECO
105 kg
LARGO / ANCHO / ALTO
1,781 mm / 710 mm / 1,133 mm
ALTURA DEL ASIENTO
765 mm
DISTANCIA ENTRE EJES
1,238 mm
DISTANCIA LIBRE AL PISO
158 mm
NEUMÁTICO DELANTERO Y TRASERO
90 / 100 - 10 53j (sin cámara) / 90 / 100 - 10 53j (sin cámara)

SISTEMA DE IGNICIÓN
SISTEMA DE ENCENDIDO
AC-CDI
SISTEMA DE ARRANQUE
Eléctrico / pedal

CAPACIDAD
CAPACIDAD DE CARGA
170 kg (incluye peso del conductor, pasajero, carga y accesorios)
CAP. DEL TANQUE DE GASOLINA
5.3 litros
CAPACIDAD DE PASAJEROS
2

SUSPENSIÓN Y FRENOS
SUSPENSIÓN DELANTERA
Doble brazo articulado, 80 mm de carrera.
SUSPENSIÓN TRASERA
Basculante monoamortiguada con 70 mm de carrera.
FRENO DELANTERO
Tambor de 130 mm (Equipado con sistema de frenos combinado (CBS)
FRENO TRASERO
Tambor de 130 mm (Equipado con sistema de frenos combinado (CBS)",MOTONETAS ,,HONDA,,21490,dio-rojo.jpg,dio110-1.jpg | dio110-2.jpg | dio110-3.jpg | dio110-4.jpg | dio110-5.jpg | dio110-6.jpg | rojo.jpg,ROJO,
,DIO 112,DIO 112 VERDE,"MOTOR
MOTOR Y C.C.
4 tiempos, monocilíndrico, SOHC
POTENCIA
7.65 Hp / 7,5 00 rpm
CILINDRADA
108.9 c.c.
TORQUE
8.7 Nm / 5,500 rpm
TRANSMISIÓN
Tipo V-MATIC (por banda)
SISTEMA DE ENFRIAMIENTO
Aire
SISTEMA DE LUBRICACIÒN
Forzada por bomba trocoidal / cárter húmedo","MEDIDAS Y PESO
PESO EN SECO
105 kg
LARGO / ANCHO / ALTO
1,781 mm / 710 mm / 1,133 mm
ALTURA DEL ASIENTO
765 mm
DISTANCIA ENTRE EJES
1,238 mm
DISTANCIA LIBRE AL PISO
158 mm
NEUMÁTICO DELANTERO Y TRASERO
90 / 100 - 10 53j (sin cámara) / 90 / 100 - 10 53j (sin cámara)

SISTEMA DE IGNICIÓN
SISTEMA DE ENCENDIDO
AC-CDI
SISTEMA DE ARRANQUE
Eléctrico / pedal

CAPACIDAD
CAPACIDAD DE CARGA
170 kg (incluye peso del conductor, pasajero, carga y accesorios)
CAP. DEL TANQUE DE GASOLINA
5.3 litros
CAPACIDAD DE PASAJEROS
2

SUSPENSIÓN Y FRENOS
SUSPENSIÓN DELANTERA
Doble brazo articulado, 80 mm de carrera.
SUSPENSIÓN TRASERA
Basculante monoamortiguada con 70 mm de carrera.
FRENO DELANTERO
Tambor de 130 mm (Equipado con sistema de frenos combinado (CBS)
FRENO TRASERO
Tambor de 130 mm (Equipado con sistema de frenos combinado (CBS)",MOTONETAS ,,HONDA,,21490,dio-verde.jpg,dio110-1.jpg | dio110-2.jpg | dio110-3.jpg | dio110-4.jpg | dio110-5.jpg | dio110-6.jpg | verde.jpg,VERDE,
,DIO 113,DIO 113 BLANCO,"MOTOR
MOTOR Y C.C.
4 tiempos, monocilíndrico, SOHC
POTENCIA
7.65 Hp / 7,5 00 rpm
CILINDRADA
108.9 c.c.
TORQUE
8.7 Nm / 5,500 rpm
TRANSMISIÓN
Tipo V-MATIC (por banda)
SISTEMA DE ENFRIAMIENTO
Aire
SISTEMA DE LUBRICACIÒN
Forzada por bomba trocoidal / cárter húmedo","MEDIDAS Y PESO
PESO EN SECO
105 kg
LARGO / ANCHO / ALTO
1,781 mm / 710 mm / 1,133 mm
ALTURA DEL ASIENTO
765 mm
DISTANCIA ENTRE EJES
1,238 mm
DISTANCIA LIBRE AL PISO
158 mm
NEUMÁTICO DELANTERO Y TRASERO
90 / 100 - 10 53j (sin cámara) / 90 / 100 - 10 53j (sin cámara)

SISTEMA DE IGNICIÓN
SISTEMA DE ENCENDIDO
AC-CDI
SISTEMA DE ARRANQUE
Eléctrico / pedal

CAPACIDAD
CAPACIDAD DE CARGA
170 kg (incluye peso del conductor, pasajero, carga y accesorios)
CAP. DEL TANQUE DE GASOLINA
5.3 litros
CAPACIDAD DE PASAJEROS
2

SUSPENSIÓN Y FRENOS
SUSPENSIÓN DELANTERA
Doble brazo articulado, 80 mm de carrera.
SUSPENSIÓN TRASERA
Basculante monoamortiguada con 70 mm de carrera.
FRENO DELANTERO
Tambor de 130 mm (Equipado con sistema de frenos combinado (CBS)
FRENO TRASERO
Tambor de 130 mm (Equipado con sistema de frenos combinado (CBS)",MOTONETAS ,,HONDA,,21490,dio-blanco.jpg,dio110-1.jpg | dio110-2.jpg | dio110-3.jpg | dio110-4.jpg | dio110-5.jpg | dio110-6.jpg | blanco.jpg,BLANCO,
,WAVE 111,WAVE 110 BLANCO,"MOTOR
MOTOR
4 tiempos, monocilíndrico
POTENCIA
8.0 Hp / 8,000 rpm
CILINDRADA
97.1 c.c.
TRANSMISION
4 velocidades, tipo rotatorio
SISTEMA DE ENFRIAMIENTO
Aire
CARBURADOR
Válvula de pistón (PD) con venturi de15 mm.Válvula de pistón, accionado por cable 

","MEDIDAS Y PESO
PESO EN SECO
99kg
LARGO / ANCHO / ALTO
1,870 mm / 715 mm / 1,050 mm
ALTURA DEL ASIENTO
750 mm
DISTANCIA ENTRE EJES
1,208 mm
DISTANCIA LIBRE AL PISO
130 mm
NEUMÁTICO DELANTERO Y TRASERO
2.5 - 17 38L / 2.75 - 17 47P

SISTEMA DE IGNICIÓN
SISTEMA DE ENCENDIDO
AC-CDI
SISTEMA DE ARRANQUE
Eléctrico / auxiliar de pedal

CAPACIDAD
CAPACIDAD DE CARGA
153 kg. (Incluye peso del conductor, pasajero, carga y accesorios)
CAP. DEL TANQUE DE GASOLINA
3.8 l
CAPACIDAD DE PASAJEROS
2

SUSPENSIÓN Y FRENOS
SUSPENSIÓN DELANTERA
Horquilla telescópica / 80 mm de carrera
SUSPENSIÓN TRASERA
Oscilante con doble amortiguador / 80 mm de carrera
FRENO DELANTERO
Tambor mecánico simple
FRENO TRASERO
Tambor mecánico simple",MOTONETAS ,,HONDA,,19900,blanco.jpg,wave110-1.jpg | wave110-2.jpg | wave110-3.jpg | wave110-4.jpg | wave110-5.jpg | wave110-6.jpg | wave110-7.jpg | wave110-8.jpg | blanco.jpg,BLANCO,
,WAVE 112,WAVE 110 NEGRO,"MOTOR
MOTOR
4 tiempos, monocilíndrico
POTENCIA
8.0 Hp / 8,000 rpm
CILINDRADA
97.1 c.c.
TRANSMISION
4 velocidades, tipo rotatorio
SISTEMA DE ENFRIAMIENTO
Aire
CARBURADOR
Válvula de pistón (PD) con venturi de15 mm.Válvula de pistón, accionado por cable 

","MEDIDAS Y PESO
PESO EN SECO
99kg
LARGO / ANCHO / ALTO
1,870 mm / 715 mm / 1,050 mm
ALTURA DEL ASIENTO
750 mm
DISTANCIA ENTRE EJES
1,208 mm
DISTANCIA LIBRE AL PISO
130 mm
NEUMÁTICO DELANTERO Y TRASERO
2.5 - 17 38L / 2.75 - 17 47P

SISTEMA DE IGNICIÓN
SISTEMA DE ENCENDIDO
AC-CDI
SISTEMA DE ARRANQUE
Eléctrico / auxiliar de pedal

CAPACIDAD
CAPACIDAD DE CARGA
153 kg. (Incluye peso del conductor, pasajero, carga y accesorios)
CAP. DEL TANQUE DE GASOLINA
3.8 l
CAPACIDAD DE PASAJEROS
2

SUSPENSIÓN Y FRENOS
SUSPENSIÓN DELANTERA
Horquilla telescópica / 80 mm de carrera
SUSPENSIÓN TRASERA
Oscilante con doble amortiguador / 80 mm de carrera
FRENO DELANTERO
Tambor mecánico simple
FRENO TRASERO
Tambor mecánico simple",MOTONETAS ,,HONDA,,19900,big-wave.jpg,wave110-1.jpg | wave110-2.jpg | wave110-3.jpg | wave110-4.jpg | wave110-5.jpg | wave110-6.jpg | wave110-7.jpg | wave110-8.jpg | negro.jpg,NEGRO,
,XRE ROJO,XRE ROJO,"MOTOR
Descripción 4 tiempos, monocilindrico, SOHC
Desplazamiento 149.2 CC
Diametro por carrera 57.3 X 57.8 mm
Potencia máxima 13.8 Hp / 8,000 rpm.
Torque 13.39 N.m / 6,000 rpm.
Relación de compresion 9.5:1
Sistema de enfriamiento Por aire.
Sistema de lubricación Forzada por bomba trocoidal con cárter humedo.
Sistema de alimentación PGM-FI (Fuel ","ESPECIFICACIONES / MOTOR
Capacidad de aceite de motor 1.0 lt (al drenar) / 1.2 (al desarmar)
Aceite de motor recomendado: 4 tiempos Honda GN4 / SAE: 10W-30 / API: SG ó superior / JASO T 903 : MA
Holgura de Válvulas: ADM: 0.08 mm / ESC: 0.12 mm
ENCENDIDO
Sistema de encendido Totalmente transistorizado
Tipo de bujía std. / Holgura de electrodos CPR8EA - 9 (NGK) / 0.8 - 0.9 mm
Bujía opcional CRP9EA - 9 (NGK) Recomendada para manejo a alta velocidad por periodos prolongados.
TREN MOTRIZ
Transmisión 5 Velocidades tipo retorno
Embrague Multidisco en baño de aceite.
Tracción final Por cadena.
Cadena de tracción medida/eslabones DID 428 H / 128
SISTEMA ELECTRICO
Sistema de carga Alternador monofásico
Batería 12V - 5Ah (Libre de mantenimiento)
Sistema de iluminación Por alternador.
SISTEMA DE COMBUSTIBLE
Capacidad de tanque de combustible 12.0 litros
Identificacion del cuerpo de aceleración GQM3A A
Velocidad ralentí 1,.400 ± 100 rpm
Combustible recomendado Gasolina sin plomo de 91 octanos o superior
CHASIS
Tipo Tipo cuna semidoble tubular en acero.
NEUMATICOS
Delantero / Trasero 90 / 90 - 19 - M/C 52 P / 110 / 90 - 17 - M/C 60 P
SUSPENSION DELANTERA
Descripción Horquillas telescópicas con 180 mm de carrera
Presión de aire de neumático delantero 150 kPa(1.50kgf.cm2, 22 psi).
SUSPENSION TRASERA
Descripción Brazo oscilante con un amortiguador 150 mm de carrera.
Presión de aire de neumático trasero 200 kPa(2.0kgf.cm2
, 29 psi).
FRENOS
Delantero Disco único de / hidráulico
Trasero Tambor mecánico de 110 mm
Fluido de frenos recomendado DOT 4
DIMENSIONES (mm)
Largo total / Ancho total / Altura total 2,036 / 810 / 1,138
Distancia entre ejes 1,353
Altura del asiento / Distancia libre al suelo 829 / 244
Peso en orden de marcha 127.0 kg (incluye equipo estandar, todos los fluidos requeridos y tanque de combustible lleno)
FICHA DESEMPEÑO
Capacidad máxima de carga 159 kg. (Incluye peso de conductor, pasajero, carga y accesorios).
Capacidad máxima de carga de parrilla trasera 7.0 kg.
Velocidad máxima 118.0 km/h
Consumo de combustible 34.0 km/l",DOBLE PROPOSITO,,,HONDA,,xre-300-rojo.jpg,xre300-1.jpg | xre300-2.jpg | xre300-3.jpg | xre300-4.jpg | xre300-5.jpg | rojo.jpg,ROJO,
,GL CARGO 150,GL CARGO 150 BLANCO,"MOTOR
Descripción 4 tiempos, monocilindrico, SOHC.
Desplazamiento 149.2 CC
Diametro por carrera 57.3 X 57.8 mm
Potencia máxima 11. Hp / 7,000 rpm.
Torque 11.9 N.m / 5,000 rpm.
Relación de compresion 9.1:1
Sistema de enfriamiento Por aire natural.
Sistema de lubricación Forzada por bomba trocoidal con cárter humedo.
Sistema de alimentación Carburador tipo vacio constante (CV) de 24 mm de diám.
Sistema de arranque Eléctrico / auxiliar de pedal (cranck)","ESPECIFICACIONES / MOTOR
Capacidad de aceite de motor 1.0 (al drenar ) / 1.2 (al desarmar)
Aceite de motor recomendado: 4 tiempos Honda GN4 / SAE: 10W-30 / API: SG ó superior / JASO T 903 : MA
Holgura de Válvulas: ADM: 0.08 mm / ESC: 0.12 mm
ENCENDIDO
Sistema de encendido DC-CDI
Tipo de bujía std. / Holgura de electrodos CPR8EA - 9 (NGK) / 0.8 - 0.9 mm.
Bujía opcional CPR9EA - 9 (NGK) Recomendada para manejo a alta velocidad por periodos prolongados.
TREN MOTRIZ
Transmisión 5 Velocidades tipo retorno.
Embrague Multidisco en baño de aceite.
Tracción final Por cadena.
Cadena de tracción medida/eslabones 428H/120
SISTEMA ELECTRICO
Sistema de carga Alternador trifásico
Batería 12V - 6Ah
Sistema de iluminación Por batería.
SISTEMA DE COMBUSTIBLE
Capacidad de tanque de combustible 14.3 litros (inc. 2.0 lt de reserva)
Identificacion del carburador AVK 3BW
Surtidor de alta # 120
Surtidor de baja # 38
Velocidad ralentí 1,400 ± 100 rpm
CHASIS
Tipo Tipo diamante, tubular en acero.
NEUMATICOS
Delantero / Trasero 80 / 100 - 18 M/C 47P / 90 / 90 - 18 M/C 51P
SUSPENSION DELANTERA
Descripción Horquillas telescópicas, 107 mm de carrera.
Presión de aire de neumático delantero 175 kPa(1.75kgf.cm2, 25 psi).
SUSPENSION TRASERA
Descripción Brazo oscilante con doble amortiguador / 91 mm de carrera.
Presión de aire de neumático trasero 225 kPa(2.25kgf.cm2, 33 psi).
FRENOS
Delantero Tambor mecánico simple, 130 mm de diámetro interno.
Trasero Tambor mecánico simple, 130 mm de diámetro interno.
DIMENSIONES (mm)
Largo total / Ancho total / Altura total 2,037 / 778 / 1,068
Distancia entre ejes 1,306
Altura del asiento / Distancia libre al suelo 768 / 163
Peso en orden de marcha 128 kg (incluye equipo estandar, todos los fluidos requeridos y tanque de combustible lleno)
FICHA DESEMPEÑO
Capacidad máxima de carga 120 kg. (Incluye peso del conductor, carga y accesorios)
Capacidad máxima de carga parrilla trasera 20 kg.
Velocidad máxima 104 km/h
Consumo de combustible 55 km/l
Autonomia de combustible N/D
Distancia de frenado (50 km/hr) 12.5 mts",TRABAJO,,,HONDA,26400,cargo-blanco.jpg,gl150-cargo-1.jpg | gl150-cargo-2.jpg | gl150-cargo-3.jpg | gl150-cargo-4.jpg | gl150-cargo-5.jpg | gl150-cargo-6.jpg | gl150-cargo-7.jpg | gl150-cargo-8.jpg | blanco.jpg,BLANCO,
,GL CARGO 150,GL CARGO 150 ROJO,"MOTOR
Descripción 4 tiempos, monocilindrico, SOHC.
Desplazamiento 149.2 CC
Diametro por carrera 57.3 X 57.8 mm
Potencia máxima 11. Hp / 7,000 rpm.
Torque 11.9 N.m / 5,000 rpm.
Relación de compresion 9.1:1
Sistema de enfriamiento Por aire natural.
Sistema de lubricación Forzada por bomba trocoidal con cárter humedo.
Sistema de alimentación Carburador tipo vacio constante (CV) de 24 mm de diám.
Sistema de arranque Eléctrico / auxiliar de pedal (cranck)","ESPECIFICACIONES / MOTOR
Capacidad de aceite de motor 1.0 (al drenar ) / 1.2 (al desarmar)
Aceite de motor recomendado: 4 tiempos Honda GN4 / SAE: 10W-30 / API: SG ó superior / JASO T 903 : MA
Holgura de Válvulas: ADM: 0.08 mm / ESC: 0.12 mm
ENCENDIDO
Sistema de encendido DC-CDI
Tipo de bujía std. / Holgura de electrodos CPR8EA - 9 (NGK) / 0.8 - 0.9 mm.
Bujía opcional CPR9EA - 9 (NGK) Recomendada para manejo a alta velocidad por periodos prolongados.
TREN MOTRIZ
Transmisión 5 Velocidades tipo retorno.
Embrague Multidisco en baño de aceite.
Tracción final Por cadena.
Cadena de tracción medida/eslabones 428H/120
SISTEMA ELECTRICO
Sistema de carga Alternador trifásico
Batería 12V - 6Ah
Sistema de iluminación Por batería.
SISTEMA DE COMBUSTIBLE
Capacidad de tanque de combustible 14.3 litros (inc. 2.0 lt de reserva)
Identificacion del carburador AVK 3BW
Surtidor de alta # 120
Surtidor de baja # 38
Velocidad ralentí 1,400 ± 100 rpm
CHASIS
Tipo Tipo diamante, tubular en acero.
NEUMATICOS
Delantero / Trasero 80 / 100 - 18 M/C 47P / 90 / 90 - 18 M/C 51P
SUSPENSION DELANTERA
Descripción Horquillas telescópicas, 107 mm de carrera.
Presión de aire de neumático delantero 175 kPa(1.75kgf.cm2, 25 psi).
SUSPENSION TRASERA
Descripción Brazo oscilante con doble amortiguador / 91 mm de carrera.
Presión de aire de neumático trasero 225 kPa(2.25kgf.cm2, 33 psi).
FRENOS
Delantero Tambor mecánico simple, 130 mm de diámetro interno.
Trasero Tambor mecánico simple, 130 mm de diámetro interno.
DIMENSIONES (mm)
Largo total / Ancho total / Altura total 2,037 / 778 / 1,068
Distancia entre ejes 1,306
Altura del asiento / Distancia libre al suelo 768 / 163
Peso en orden de marcha 128 kg (incluye equipo estandar, todos los fluidos requeridos y tanque de combustible lleno)
FICHA DESEMPEÑO
Capacidad máxima de carga 120 kg. (Incluye peso del conductor, carga y accesorios)
Capacidad máxima de carga parrilla trasera 20 kg.
Velocidad máxima 104 km/h
Consumo de combustible 55 km/l
Autonomia de combustible N/D
Distancia de frenado (50 km/hr) 12.5 mts",TRABAJO,,,HONDA,26400,cargo-rojo.jpg,gl150-cargo-1.jpg | gl150-cargo-2.jpg | gl150-cargo-3.jpg | gl150-cargo-4.jpg | gl150-cargo-5.jpg | gl150-cargo-6.jpg | gl150-cargo-7.jpg | gl150-cargo-8.jpg | rojo.jpg,ROJO ,
,,,"MOTOR
Descripción 4 tiempos, monocilindrico, SOHC.
Desplazamiento 149.2 CC
Diametro por carrera 57.3 X 57.8 mm
Potencia máxima 11. Hp / 7,000 rpm.
Torque 11.9 N.m / 5,000 rpm.
Relación de compresion 9.1:1
Sistema de enfriamiento Por aire natural.
Sistema de lubricación Forzada por bomba trocoidal con cárter humedo.
Sistema de alimentación Carburador tipo vacio constante (CV) de 24 mm de diám.
Sistema de arranque Eléctrico / auxiliar de pedal (cranck)","ESPECIFICACIONES / MOTOR
Capacidad de aceite de motor 1.0 (al drenar ) / 1.2 (al desarmar)
Aceite de motor recomendado: 4 tiempos Honda GN4 / SAE: 10W-30 / API: SG ó superior / JASO T 903 : MA
Holgura de Válvulas: ADM: 0.08 mm / ESC: 0.12 mm
ENCENDIDO
Sistema de encendido DC-CDI
Tipo de bujía std. / Holgura de electrodos CPR8EA - 9 (NGK) / 0.8 - 0.9 mm.
Bujía opcional CPR9EA - 9 (NGK) Recomendada para manejo a alta velocidad por periodos prolongados.
TREN MOTRIZ
Transmisión 5 Velocidades tipo retorno.
Embrague Multidisco en baño de aceite.
Tracción final Por cadena.
Cadena de tracción medida/eslabones 428H/120
SISTEMA ELECTRICO
Sistema de carga Alternador trifásico
Batería 12V - 6Ah
Sistema de iluminación Por batería.
SISTEMA DE COMBUSTIBLE
Capacidad de tanque de combustible 14.3 litros (inc. 2.0 lt de reserva)
Identificacion del carburador AVK 3BW
Surtidor de alta # 120
Surtidor de baja # 38
Velocidad ralentí 1,400 ± 100 rpm
CHASIS
Tipo Tipo diamante, tubular en acero.
NEUMATICOS
Delantero / Trasero 80 / 100 - 18 M/C 47P / 90 / 90 - 18 M/C 51P
SUSPENSION DELANTERA
Descripción Horquillas telescópicas, 107 mm de carrera.
Presión de aire de neumático delantero 175 kPa(1.75kgf.cm2, 25 psi).
SUSPENSION TRASERA
Descripción Brazo oscilante con doble amortiguador / 91 mm de carrera.
Presión de aire de neumático trasero 225 kPa(2.25kgf.cm2, 33 psi).
FRENOS
Delantero Tambor mecánico simple, 130 mm de diámetro interno.
Trasero Tambor mecánico simple, 130 mm de diámetro interno.
DIMENSIONES (mm)
Largo total / Ancho total / Altura total 2,037 / 778 / 1,068
Distancia entre ejes 1,306
Altura del asiento / Distancia libre al suelo 768 / 163
Peso en orden de marcha 128 kg (incluye equipo estandar, todos los fluidos requeridos y tanque de combustible lleno)
FICHA DESEMPEÑO
Capacidad máxima de carga 120 kg. (Incluye peso del conductor, carga y accesorios)
Capacidad máxima de carga parrilla trasera 20 kg.
Velocidad máxima 104 km/h
Consumo de combustible 55 km/l
Autonomia de combustible N/D
Distancia de frenado (50 km/hr) 12.5 mts",TRABAJO,,,HONDA,,zoomerx-amarillo.jpg,zoomerx-1.jpg | zoomerx-2.jpg | zoomerx-3.jpg | zoomerx-4.jpg | zoomerx-5.jpg | amarillo.jpg,AMARILLO,
,,,"MOTOR
Descripción 4 tiempos, monocilindrico, SOHC.
Desplazamiento 149.2 CC
Diametro por carrera 57.3 X 57.8 mm
Potencia máxima 11. Hp / 7,000 rpm.
Torque 11.9 N.m / 5,000 rpm.
Relación de compresion 9.1:1
Sistema de enfriamiento Por aire natural.
Sistema de lubricación Forzada por bomba trocoidal con cárter humedo.
Sistema de alimentación Carburador tipo vacio constante (CV) de 24 mm de diám.
Sistema de arranque Eléctrico / auxiliar de pedal (cranck)","ESPECIFICACIONES / MOTOR
Capacidad de aceite de motor 1.0 (al drenar ) / 1.2 (al desarmar)
Aceite de motor recomendado: 4 tiempos Honda GN4 / SAE: 10W-30 / API: SG ó superior / JASO T 903 : MA
Holgura de Válvulas: ADM: 0.08 mm / ESC: 0.12 mm
ENCENDIDO
Sistema de encendido DC-CDI
Tipo de bujía std. / Holgura de electrodos CPR8EA - 9 (NGK) / 0.8 - 0.9 mm.
Bujía opcional CPR9EA - 9 (NGK) Recomendada para manejo a alta velocidad por periodos prolongados.
TREN MOTRIZ
Transmisión 5 Velocidades tipo retorno.
Embrague Multidisco en baño de aceite.
Tracción final Por cadena.
Cadena de tracción medida/eslabones 428H/120
SISTEMA ELECTRICO
Sistema de carga Alternador trifásico
Batería 12V - 6Ah
Sistema de iluminación Por batería.
SISTEMA DE COMBUSTIBLE
Capacidad de tanque de combustible 14.3 litros (inc. 2.0 lt de reserva)
Identificacion del carburador AVK 3BW
Surtidor de alta # 120
Surtidor de baja # 38
Velocidad ralentí 1,400 ± 100 rpm
CHASIS
Tipo Tipo diamante, tubular en acero.
NEUMATICOS
Delantero / Trasero 80 / 100 - 18 M/C 47P / 90 / 90 - 18 M/C 51P
SUSPENSION DELANTERA
Descripción Horquillas telescópicas, 107 mm de carrera.
Presión de aire de neumático delantero 175 kPa(1.75kgf.cm2, 25 psi).
SUSPENSION TRASERA
Descripción Brazo oscilante con doble amortiguador / 91 mm de carrera.
Presión de aire de neumático trasero 225 kPa(2.25kgf.cm2, 33 psi).
FRENOS
Delantero Tambor mecánico simple, 130 mm de diámetro interno.
Trasero Tambor mecánico simple, 130 mm de diámetro interno.
DIMENSIONES (mm)
Largo total / Ancho total / Altura total 2,037 / 778 / 1,068
Distancia entre ejes 1,306
Altura del asiento / Distancia libre al suelo 768 / 163
Peso en orden de marcha 128 kg (incluye equipo estandar, todos los fluidos requeridos y tanque de combustible lleno)
FICHA DESEMPEÑO
Capacidad máxima de carga 120 kg. (Incluye peso del conductor, carga y accesorios)
Capacidad máxima de carga parrilla trasera 20 kg.
Velocidad máxima 104 km/h
Consumo de combustible 55 km/l
Autonomia de combustible N/D
Distancia de frenado (50 km/hr) 12.5 mts",TRABAJO,,,HONDA,,zoomerx-azul.jpg,zoomerx-1.jpg | zoomerx-2.jpg | zoomerx-3.jpg | zoomerx-4.jpg | zoomerx-5.jpg | azul.jpg,AZUL,
,,,,,,,,,,,,,
,,,,,,,,,,,,,
,,,,,,,,,,,,,
,,,,,,,,,,,,,
,,,,,,,,,,,,,
,,,,,,,,,,,,,
,,,,,,,,,,,,,
